
-- --------------------------------------------------------
-- 主机:                           127.0.0.1
-- 服务器版本:                        8.0.42 - MySQL Community Server - GPL
-- 服务器操作系统:                      Win64
-- HeidiSQL 版本:                  12.11.0.7065
-- --------------------------------------------------------

/*!40101 SET @OLD_CHARACTER_SET_CLIENT=@@CHARACTER_SET_CLIENT */;
/*!40101 SET NAMES utf8 */;
/*!50503 SET NAMES utf8mb4 */;
/*!40103 SET @OLD_TIME_ZONE=@@TIME_ZONE */;
/*!40103 SET TIME_ZONE='+00:00' */;
/*!40014 SET @OLD_FOREIGN_KEY_CHECKS=@@FOREIGN_KEY_CHECKS, FOREIGN_KEY_CHECKS=0 */;
/*!40101 SET @OLD_SQL_MODE=@@SQL_MODE, SQL_MODE='NO_AUTO_VALUE_ON_ZERO' */;
/*!40111 SET @OLD_SQL_NOTES=@@SQL_NOTES, SQL_NOTES=0 */;


-- 导出 IRMS 的数据库结构
CREATE DATABASE IF NOT EXISTS `IRMS` /*!40100 DEFAULT CHARACTER SET utf8mb4 COLLATE utf8mb4_0900_ai_ci */ /*!80016 DEFAULT ENCRYPTION='N' */;
USE `IRMS`;

-- 导出  表 IRMS.company 结构
CREATE TABLE IF NOT EXISTS `company` (
  `id` int NOT NULL AUTO_INCREMENT,
  `username` char(50) CHARACTER SET utf8mb4 COLLATE utf8mb4_0900_ai_ci NOT NULL,
  `nickname` char(50) CHARACTER SET utf8mb4 COLLATE utf8mb4_0900_ai_ci NOT NULL,
  `password` char(50) CHARACTER SET utf8mb4 COLLATE utf8mb4_0900_ai_ci NOT NULL,
  `company_introduction` varchar(255) CHARACTER SET utf8mb4 COLLATE utf8mb4_0900_ai_ci NOT NULL,
  PRIMARY KEY (`id`,`nickname`) USING BTREE,
  KEY `username` (`username`) USING BTREE,
  KEY `fkey2` (`password`) USING BTREE,
  KEY `nickname` (`nickname`) USING BTREE,
  KEY `id` (`id`) USING BTREE,
  CONSTRAINT `fkey1` FOREIGN KEY (`username`) REFERENCES `login` (`username`) ON DELETE CASCADE ON UPDATE CASCADE,
  CONSTRAINT `fkey2` FOREIGN KEY (`password`) REFERENCES `login` (`password`) ON DELETE CASCADE ON UPDATE CASCADE
) ENGINE=InnoDB AUTO_INCREMENT=102 DEFAULT CHARSET=utf8mb4 COLLATE=utf8mb4_0900_ai_ci ROW_FORMAT=DYNAMIC COMMENT='公司信息';

-- 正在导出表  IRMS.company 的数据：~101 rows (大约)
DELETE FROM `company`;
INSERT INTO `company` (`id`, `username`, `nickname`, `password`, `company_introduction`) VALUES
	(1, 'tech_001', '星辰科技有限公司', 'aB3d5f7g99', '星辰科技有限公司是一家专注于前沿科技研发的高新技术企业，致力于人工智能、大数据分析和云计算技术的创新应用，为各行业提供智能化解决方案。'),
	(3, 'finance_003', '诚信金融服务有限公司', 'fI9n8a7n6c5', '诚信金融服务有限公司提供全面的金融解决方案，包括投资银行、资产管理和金融科技服务，以专业团队和严格风控体系赢得客户信赖。'),
	(4, 'edu_004', '知学教育科技有限公司', 'eD5u6c7a899', '知学教育科技有限公司致力于教育科技创新，开发智能学习平台和在线教育工具，通过AI技术实现个性化学习体验'),
	(5, 'health_005', '康泰医疗科技有限公司', 'hE2a3l4t5h6', '康泰医疗科技有限公司专注于高端医疗设备研发和生产，产品涵盖医学影像、体外诊断和远程医疗系统，服务全球医疗机构。'),
	(6, 'ecom_006', '优品电子商务有限公司', 'eC1o2m3m4e5', '优品电子商务有限公司运营综合性电商平台，整合供应链资源，通过大数据分析优化用户体验，打造高效便捷的在线购物生态系统。'),
	(7, 'game_007', '欢乐游戏开发有限公司', 'gA9m8e7d6e5', '欢乐游戏开发有限公司专注于高品质游戏研发，拥有多款知名IP，致力于为全球玩家提供沉浸式娱乐体验。'),
	(8, 'logistics_008', '迅达物流运输有限公司', 'lO5g6i7s8t9', '迅达物流运输有限公司构建智能化物流网络，提供仓储、运输和供应链一体化服务，利用先进技术提升物流效率。'),
	(9, 'realestate_009', '宜居房地产开发有限公司', 'rE3a4l5e6s7', '宜居房地产开发有限公司专注于绿色建筑和智慧社区开发，打造舒适、环保、科技融合的现代化居住空间。'),
	(10, 'energy_010', '绿能新能源科技有限公司', 'eN7e8r9g0y1', '绿能新能源科技有限公司致力于可再生能源技术研发，在太阳能、风能和储能系统领域处于行业领先地位。'),
	(11, 'tech_011', '创新科技有限公司', 'iN8n9o0v1a', '创新科技有限公司专注于前沿科技商业化应用，孵化创新项目，推动科技成果转化和产业升级。'),
	(12, 'finance_012', '财富金融有限公司', 'wE2a3l4t5h', '财富金融有限公司提供多元化金融服务，包括财富管理、投资咨询和金融规划，帮助客户实现资产增值。'),
	(13, 'edu_013', '博学教育集团', 'bO6x7u8e9d', '博学教育集团整合优质教育资源，开发创新教育产品，致力于提升教育质量和学习效率。'),
	(14, 'health_014', '明德医疗集团', 'mI4n5d6e7c', '明德医疗集团运营连锁医疗机构，提供综合医疗服务，注重医疗质量管理和患者体验。'),
	(15, 'ecom_015', '易购电子商务有限公司', 'eY3g4o5u6p', '易购电子商务有限公司打造全球化电商平台，连接国内外市场，为消费者提供丰富商品选择和便捷购物体验。'),
	(16, 'game_016', '星际游戏有限公司', 'sT8a9r0g1m', '星际游戏有限公司专注于移动游戏开发，拥有强大的技术研发能力和丰富的游戏运营经验。'),
	(17, 'logistics_017', '速达物流有限公司', 'sU2d3a4t5e', '速达物流有限公司提供高效物流解决方案，专注于最后一公里配送和智能仓储管理。'),
	(18, 'realestate_018', '城市建设房地产有限公司', 'cI6t7y8b9u', '城市建设房地产有限公司参与城市综合体开发，推动产城融合，打造现代化商业和生活空间。'),
	(19, 'energy_019', '阳光能源科技有限公司', 'sU4n5s6h7i', '阳光能源科技有限公司专注于光伏技术研发和应用，提供太阳能发电系统整体解决方案。'),
	(20, 'tech_020', '智能科技有限公司', 'iN2t3e4l5l', '智能科技有限公司致力于人工智能技术研发，在计算机视觉、自然语言处理等领域具有核心竞争力。'),
	(21, 'finance_021', '鑫融金融服务有限公司', 'xI6n7r8o9n', '鑫融金融服务有限公司提供专业金融服务，包括企业融资、并购重组和风险管理咨询。'),
	(22, 'edu_022', '智慧教育科技有限公司', 'zH4i5h6u7i', '智慧教育科技有限公司开发智能教育平台，整合优质教育资源，推动教育公平和创新发展。'),
	(23, 'health_023', '仁和医疗科技有限公司', 'rE2n3h4e5y', '仁和医疗科技有限公司专注于医疗健康产业，研发创新医疗产品，提升医疗服务水平。'),
	(24, 'ecom_024', '乐购电子商务有限公司', 'lE4g5o6u7p', '乐购电子商务有限公司运营综合性零售平台，通过数字化手段优化供应链，提升消费体验。'),
	(25, 'game_025', '幻想游戏开发有限公司', 'fA6n7t8a9s', '幻想游戏开发有限公司专注于高品质游戏创作，拥有专业研发团队和独特艺术风格。'),
	(26, 'logistics_026', '安捷物流有限公司', 'aN2j3i4e5l', '安捷物流有限公司提供专业物流服务，包括冷链运输、跨境物流和供应链优化解决方案。'),
	(27, 'realestate_027', '恒基房地产开发有限公司', 'hE2n3j4i5k', '恒基房地产开发有限公司专注于高端住宅和商业地产开发，打造标志性建筑和品质生活空间。'),
	(28, 'energy_028', '蓝天新能源有限公司', 'lA6n7t8i9a', '蓝天新能源有限公司致力于清洁能源开发，推动能源结构转型和可持续发展。'),
	(29, 'tech_029', '量子科技有限公司', 'qU2a3n4t5u', '量子科技有限公司专注于量子计算技术研发，探索下一代计算技术的商业化应用。'),
	(30, 'finance_030', '瑞信金融集团', 'rU4i5x6i7n', '瑞信金融集团提供综合性金融服务，包括投资银行、资产管理和私人银行服务。'),
	(31, 'edu_031', '启航教育科技有限公司', 'qI3h4a5n6g', '启航教育科技有限公司专注于职业教育和技能培训，开发实用课程体系，提升就业竞争力。'),
	(32, 'health_032', '康美医疗科技有限公司', 'kA4n5m6e7i', '康美医疗科技有限公司研发创新医疗设备和诊断技术，为医疗机构提供全面解决方案。'),
	(33, 'ecom_033', '优享电子商务有限公司', 'yO1u2x3i4a', '优享电子商务有限公司打造会员制电商平台，精选优质商品，提供个性化购物体验。'),
	(34, 'game_034', '极光游戏有限公司', 'jI2g3u4a5n', '极光游戏有限公司专注于高品质游戏开发，拥有自主知识产权和独特游戏设计理念。'),
	(35, 'logistics_035', '德邦物流有限公司', 'dE2b3a4n5g', '德邦物流有限公司提供专业大件物流服务，构建全国性运输网络，确保货物安全准时送达。'),
	(36, 'realestate_036', '融创房地产集团', 'rO2n3g4c5h', '融创房地产集团专注于高品质住宅开发，打造宜居社区，提升城市居住品质。'),
	(37, 'energy_037', '华能新能源有限公司', 'hU2a3n4e5n', '华能新能源有限公司致力于可再生能源开发，推动能源结构优化和绿色低碳发展。'),
	(38, 'tech_038', '云智科技有限公司', 'yU2n3z4h5i', '云智科技有限公司提供云计算和大数据服务，帮助企业实现数字化转型和智能化升级。'),
	(39, 'finance_039', '中信金融服务有限公司', 'zH4o5n6g7x', '中信金融服务有限公司提供全方位金融服务，包括投资管理、财务顾问和金融科技解决方案。'),
	(40, 'edu_040', '新东方教育科技集团', 'xI1n2d3o4n', '新东方教育科技集团是中国领先的教育服务机构，提供语言培训、留学咨询和职业教育服务。'),
	(41, 'health_041', '华润医疗集团', 'hU2a3r4u5n', '华润医疗集团运营多家医疗机构，提供综合医疗服务，致力于提升医疗质量和患者体验。'),
	(42, 'ecom_042', '京东电子商务有限公司', 'jI1n2g3d4o', '京东电子商务有限公司是中国领先的电商平台，以自营模式和高效物流著称，提供优质购物体验。'),
	(43, 'game_043', '网易游戏有限公司', 'wA2n3y4i5x', '网易游戏有限公司是中国领先的游戏开发和运营商，拥有多款知名游戏IP和庞大用户群体。'),
	(44, 'logistics_044', '顺丰速运有限公司', 'sH4u5n6f7e', '顺丰速运有限公司是中国领先的快递物流企业，以高效服务和先进物流技术闻名。'),
	(45, 'realestate_045', '万科房地产有限公司', 'wA4n5k6e7f', '万科房地产有限公司是中国领先的房地产开发商，专注于住宅开发和物业服务，打造品质生活空间。'),
	(46, 'energy_046', '国家能源集团', 'gU2o3j4i5a', '国家能源集团是中国最大的能源企业之一，业务涵盖煤炭、电力、新能源和运输等领域。'),
	(47, 'tech_047', '华为技术有限公司', 'hU2a3w4e5i', '华为技术有限公司是全球领先的信息与通信技术解决方案提供商，在5G、云计算等领域具有核心竞争力。'),
	(48, 'finance_048', '招商银行', 'zH4a5o6s7h', '招商银行是中国领先的商业银行，以零售金融和投资银行服务著称，提供全面金融服务。'),
	(49, 'edu_049', '好未来教育集团', 'hA3o4w5e6i', '好未来教育集团是中国领先的教育科技企业，专注于K12教育和在线学习平台开发。'),
	(50, 'health_050', '复星医疗集团', 'fU4x5i6n7g', '复星医疗集团是中国领先的医疗健康产业集团，业务涵盖医药研发、医疗服务和健康管理。'),
	(51, 'ecom_051', '拼多多电子商务有限公司', 'pI2n3d4u5o', '拼多多电子商务有限公司是中国领先的社交电商平台，通过社交分享和团购模式提供实惠商品。'),
	(52, 'game_052', '腾讯游戏有限公司', 'tE2n3x4u5n', '腾讯游戏有限公司是中国领先的游戏开发和运营商，拥有广泛的游戏产品线和庞大用户基础。'),
	(53, 'logistics_053', '圆通速递有限公司', 'yU2a3n4t5o', '圆通速递有限公司是中国领先的快递物流企业，提供全国范围内的快递和物流服务。'),
	(54, 'realestate_054', '保利房地产集团', 'bA3o4l5i6e', '保利房地产集团是中国领先的房地产开发商，专注于住宅、商业和文旅地产开发。'),
	(55, 'energy_055', '中国石油天然气集团', 'zH4o5n6g7s', '中国石油天然气集团是中国最大的油气生产商和供应商，业务涵盖勘探开发、炼油化工和销售贸易。'),
	(56, 'tech_056', '阿里巴巴技术有限公司', 'aL2i3b4a5b', '阿里巴巴技术有限公司是中国领先的互联网企业，业务涵盖电商、云计算、数字媒体和娱乐。'),
	(57, 'finance_057', '中国建设银行', 'zH4o5n6g7j', '中国建设银行是中国领先的大型商业银行，提供全面的金融服务和金融产品。'),
	(58, 'edu_058', '猿辅导教育科技有限公司', 'yU2a3n4f5u', '猿辅导教育科技有限公司是中国领先的在线教育平台，专注于K12在线辅导和素质教育。'),
	(59, 'health_059', '药明康德医疗科技有限公司', 'yA4o5m6i7n', '药明康德医疗科技有限公司是全球领先的医药研发服务平台，为制药企业提供全方位研发服务。'),
	(60, 'ecom_060', '苏宁易购电子商务有限公司', 'sU1n2i3n4i', '苏宁易购电子商务有限公司是中国领先的O2O零售企业，业务涵盖家电、百货和快消品销售。'),
	(61, 'game_061', '米哈游科技（上海）有限公司', 'mI3h4a5y6o', '米哈游科技（上海）有限公司是中国领先的游戏开发公司，以高品质二次元游戏闻名。'),
	(62, 'logistics_062', '中通快递股份有限公司', 'zH4o5n6g7t', '中通快递股份有限公司是中国领先的快递物流企业，提供高效、可靠的快递服务。'),
	(63, 'realestate_063', '龙湖集团控股有限公司', 'lO2n3g4h5u', '龙湖集团控股有限公司是中国领先的房地产开发商，专注于高品质住宅和商业地产开发。'),
	(64, 'energy_064', '中国石化集团', 'zH4o5n6g7s', '中国石化集团是中国最大的石化企业之一，业务涵盖石油勘探、炼油化工和产品销售。'),
	(65, 'tech_065', '百度在线网络技术有限公司', 'bA3i4d5u6z', '百度在线网络技术有限公司是中国领先的互联网企业，业务涵盖搜索引擎、人工智能和自动驾驶。'),
	(66, 'finance_066', '中国工商银行', 'zH4o5n6g7g', '中国工商银行是中国最大的商业银行，提供全面的金融服务和金融产品。'),
	(67, 'edu_067', '作业帮教育科技有限公司', 'zU4o5y6e7b', '作业帮教育科技有限公司是中国领先的在线教育平台，专注于K12在线辅导和题库资源。'),
	(68, 'health_068', '恒瑞医药股份有限公司', 'hE2n3r4u5i', '恒瑞医药股份有限公司是中国领先的制药企业，专注于创新药研发和生产。'),
	(69, 'ecom_069', '唯品会电子商务有限公司', 'wE2i3p4i5n', '唯品会电子商务有限公司是中国领先的特卖电商平台，专注于品牌折扣商品销售。'),
	(70, 'game_070', '莉莉丝游戏有限公司', 'lI4l5i6s7i', '莉莉丝游戏有限公司是中国领先的游戏开发公司，以高品质策略游戏闻名。'),
	(71, 'logistics_071', '韵达速递有限公司', 'yU4n5d6a7n', '韵达速递有限公司是中国领先的快递物流企业，提供全国范围内的快递服务。'),
	(72, 'realestate_072', '中国海外发展集团有限公司', 'zH4o5n6g7h', '中国海外发展集团有限公司是中国领先的房地产开发商，专注于高品质住宅和商业地产开发。'),
	(73, 'energy_073', '中国核工业集团有限公司', 'zH4o5n6g7h', '中国核工业集团有限公司是中国核能领域的龙头企业，业务涵盖核电、核燃料和核技术应用。'),
	(74, 'tech_074', '字节跳动有限公司', 'zI2j3i4e5t', '字节跳动有限公司是中国领先的互联网企业，旗下拥有今日头条、抖音等知名产品。'),
	(75, 'finance_075', '中国农业银行', 'zH4o5n6g7n', '中国农业银行是中国领先的大型商业银行，服务三农和县域经济，提供全面金融服务。'),
	(76, 'edu_076', '高途教育科技有限公司', 'gA1o2t3u4e', '高途教育科技有限公司是中国领先的在线教育平台，专注于K12在线辅导和职业培训。'),
	(77, 'health_077', '爱尔眼科医院集团股份有限公司', 'aI4e5r6y7e', '爱尔眼科医院集团股份有限公司是中国领先的眼科医疗连锁机构，提供专业眼科诊疗服务。'),
	(78, 'ecom_078', '美团科技有限公司', 'mE3i4t5u6a', '美团科技有限公司是中国领先的生活服务电商平台，业务涵盖外卖、到店和酒旅服务。'),
	(79, 'game_079', '世纪华通集团股份有限公司', 'sH4i5j6i7h', '世纪华通集团股份有限公司是中国领先的游戏开发和运营商，拥有多款知名游戏IP。'),
	(80, 'logistics_080', '申通快递有限公司', 'sH4e5n6t7o', '申通快递有限公司是中国领先的快递物流企业，提供全国范围内的快递服务。'),
	(81, 'realestate_081', '融创中国控股有限公司', 'rO2n3g4c5h', '融创中国控股有限公司是中国领先的房地产开发商，专注于高品质住宅和文旅地产开发。'),
	(82, 'energy_082', '中国海洋石油集团有限公司', 'zH4o5n6g7h', '中国海洋石油集团有限公司是中国领先的海上油气生产商，业务涵盖海上油气勘探开发和生产。'),
	(83, 'tech_083', '小米科技有限责任公司', 'xI3a4o5m6i', '小米科技有限责任公司是中国领先的智能硬件和互联网企业，业务涵盖手机、IoT和互联网服务。'),
	(84, 'finance_084', '交通银行', 'jI1a2o3t4o', '交通银行是中国领先的大型商业银行，提供全面的金融服务和金融产品。'),
	(85, 'edu_085', '中公教育科技股份有限公司', 'zH4o5n6g7g', '中公教育科技股份有限公司是中国领先的职业教育和公务员培训机构。'),
	(86, 'health_086', '通策医疗股份有限公司', 'tO1n2c3e4m', '通策医疗股份有限公司是中国领先的口腔医疗连锁机构，提供专业口腔诊疗服务。'),
	(87, 'ecom_087', '网易严选电子商务有限公司', 'wA2n3y4i5x', '网易严选电子商务有限公司是中国领先的品质电商平台，提供精选优质商品。'),
	(88, 'game_088', '完美世界股份有限公司', 'wA2n3m4e5i', '完美世界股份有限公司是中国领先的游戏开发和影视制作公司，拥有丰富的内容IP。'),
	(89, 'logistics_089', '百世物流科技（中国）有限公司', 'bA3i4s5h6i', '百世物流科技（中国）有限公司是中国领先的综合供应链服务提供商。'),
	(90, 'realestate_090', '世茂集团控股有限公司', 'sH4i5m6a7o', '世茂集团控股有限公司是中国领先的房地产开发商，专注于高品质住宅和商业地产开发。'),
	(91, 'energy_091', '国家电力投资集团有限公司', 'gU2o3j4i5a', '国家电力投资集团有限公司是中国领先的电力企业，业务涵盖火电、水电、新能源和综合能源服务。'),
	(92, 'tech_092', '腾讯控股有限公司', 'tE2n3x4u5n', '腾讯控股有限公司是中国领先的互联网企业，业务涵盖社交、游戏、金融科技和企业服务。'),
	(93, 'finance_093', '兴业银行', 'xI1n2g3y4e', '兴业银行是中国领先的股份制商业银行，提供全面的金融服务和金融产品。'),
	(94, 'edu_094', '跟谁学教育科技有限公司', 'gE1n2s3h4u', '跟谁学教育科技有限公司是中国领先的在线教育平台，专注于K12在线辅导和职业培训。'),
	(95, 'health_095', '泰格医药科技股份有限公司', 'tA4i5g6e7y', '泰格医药科技股份有限公司是中国领先的临床研究服务提供商，为医药研发提供全方位服务。'),
	(96, 'ecom_096', '小红书电子商务有限公司', 'xI3a4o5h6o', '小红书电子商务有限公司是中国领先的社交电商平台，结合内容社区和电商购物体验。'),
	(97, 'game_097', '三七互娱网络科技集团股份有限公司', 'sA1n2q3i4h', '三七互娱网络科技集团股份有限公司是中国领先的游戏开发和运营商，拥有多款知名游戏IP。'),
	(98, 'logistics_098', '德邦物流股份有限公司', 'dE2b3a4n5g', '德邦物流股份有限公司是中国领先的大件物流服务提供商，专注于家电、家具等大件运输。'),
	(99, 'realestate_099', '绿城中国控股有限公司', 'lU4c5h6e7n', '绿城中国控股有限公司是中国领先的房地产开发商，专注于高品质住宅和物业服务。'),
	(100, 'energy_100', '中国华电集团有限公司', 'zH4o5n6g7h', '中国华电集团有限公司是中国领先的电力企业，业务涵盖火电、水电、新能源和综合能源服务。'),
	(101, 'final_test_company', '空蝉子虚高新技术有限公司', '123456', '最高薪，海牙酷');

-- 导出  表 IRMS.employee 结构
CREATE TABLE IF NOT EXISTS `employee` (
  `username` char(50) CHARACTER SET utf8mb4 COLLATE utf8mb4_0900_ai_ci NOT NULL COMMENT '用户名',
  `nickname` char(50) CHARACTER SET utf8mb4 COLLATE utf8mb4_0900_ai_ci DEFAULT NULL COMMENT '昵称',
  `password` char(50) CHARACTER SET utf8mb4 COLLATE utf8mb4_0900_ai_ci NOT NULL COMMENT '密码',
  `name` char(50) CHARACTER SET utf8mb4 COLLATE utf8mb4_0900_ai_ci DEFAULT NULL COMMENT '姓名',
  `sex` tinyint(1) DEFAULT NULL,
  `age` tinyint DEFAULT NULL COMMENT '年龄',
  `salary_wish_k` int DEFAULT '0' COMMENT '期望薪资',
  `address` char(50) CHARACTER SET utf8mb4 COLLATE utf8mb4_0900_ai_ci DEFAULT NULL COMMENT '地址',
  `has_experience` bit(1) DEFAULT b'0' COMMENT '是否有经验',
  `phone` char(11) CHARACTER SET utf8mb4 COLLATE utf8mb4_0900_ai_ci DEFAULT NULL COMMENT '电话',
  `email` char(50) CHARACTER SET utf8mb4 COLLATE utf8mb4_0900_ai_ci DEFAULT NULL COMMENT '邮箱',
  `edu_back` char(50) CHARACTER SET utf8mb4 COLLATE utf8mb4_0900_ai_ci DEFAULT NULL COMMENT '教育背景',
  `major` char(50) CHARACTER SET utf8mb4 COLLATE utf8mb4_0900_ai_ci DEFAULT NULL,
  `introduction` text CHARACTER SET utf8mb4 COLLATE utf8mb4_0900_ai_ci COMMENT '个人介绍',
  `photo` varchar(255) CHARACTER SET utf8mb4 COLLATE utf8mb4_0900_ai_ci DEFAULT 'moren.jpg' COMMENT '用户头像',
  PRIMARY KEY (`username`) USING BTREE,
  KEY `forkey2` (`password`) USING BTREE,
  CONSTRAINT `forkey1` FOREIGN KEY (`username`) REFERENCES `login` (`username`) ON DELETE CASCADE ON UPDATE CASCADE,
  CONSTRAINT `forkey2` FOREIGN KEY (`password`) REFERENCES `login` (`password`) ON DELETE CASCADE ON UPDATE CASCADE
) ENGINE=InnoDB DEFAULT CHARSET=utf8mb4 COLLATE=utf8mb4_0900_ai_ci ROW_FORMAT=DYNAMIC COMMENT='应聘者信息';

-- 正在导出表  IRMS.employee 的数据：~161 rows (大约)
DELETE FROM `employee`;
INSERT INTO `employee` (`username`, `nickname`, `password`, `name`, `sex`, `age`, `salary_wish_k`, `address`, `has_experience`, `phone`, `email`, `edu_back`, `major`, `introduction`, `photo`) VALUES
	('user_001', 'post_001', 'pA2s3s4w5d6', '李韩', 2, 25, 78, '北京市朝阳区建国路88号', b'1', '13800138001', 'zhangsan@example.com', '本科', '计算机科学', '3年前端开发经验，熟悉HTML/CSS/JavaScript，掌握Vue框架，参与过2个电商项目，，，。', '屏幕截图 2025-07-22 104042_3e206f38-595a-4690-9747-f3efcc0b0159.png'),
	('user_002', 'post_002', 'qW3e4r5t6y7', '李四', 0, 28, 18000, '上海市浦东新区张江高科技园区', b'1', '13900139002', 'lisi@example.com', '硕士', '软件工程', '5年Java后端开发经验，熟悉Spring Boot和MyBatis，参与过4个企业级应用开发', 'D:\\other\\user_photo\\photo_c3ad0cd0-4325-421d-9b74-bdffe568f3e3.jpg'),
	('user_003', 'post_003', 'aS4d5f6g7h8', '王五', 1, 22, 8000, '广州市天河区珠江新城', b'0', '13700137003', 'wangwu@example.com', '本科', '电子工程', '应届毕业生，熟悉Python编程，有数据分析项目经验', '1743561120884_a3405a88-0251-4f12-8065-35bf7fd11661.jpeg'),
	('user_004', 'post_004', 'zX5c6v7b8n9', '赵六', 0, 30, 25000, '深圳市南山区科技园', b'1', '13600136004', 'zhaoliu@example.com', '本科', '市场营销', '6年市场推广经验，擅长新媒体运营，负责过3个品牌推广项目', 'photo_75a84afc-a2ab-48be-b22f-8fde4e1a76b9.jpg'),
	('user_005', 'post_005', 'qA6z7w8x9c0', '钱七', 1, 26, 15000, '杭州市西湖区文三路', b'1', '13500135005', 'qianqi@example.com', '本科', '人力资源', '3年HR经验，熟悉招聘和培训模块，曾主导过校园招聘活动', NULL),
	('user_006', 'post_006', 'wS7e8d9f0g1', '孙八', 1, 32, 22000, '南京市玄武区珠江路', b'1', '13400134006', 'sunba@example.com', '本科', '会计学', '7年财务工作经验，熟悉税务筹划和成本控制，有上市公司工作经历', NULL),
	('user_007', 'post_007', 'eD8r9f0g1h2', '周九', 1, 24, 10000, '武汉市武昌区光谷广场', b'0', '13300133007', 'zhoujiu@example.com', '本科', '机械设计', '应届毕业生，熟悉AutoCAD和SolidWorks软件，有机械产品设计项目经验', NULL),
	('user_008', 'post_008', 'rF9t0g1h2j3', '吴十', 0, 27, 16000, '成都市高新区天府大道', b'1', '13200132008', 'wushi@example.com', '本科', '电子信息工程', '4年嵌入式开发经验，熟悉STM32和Linux系统，参与过智能家居产品开发', NULL),
	('user_009', 'post_009', 'tG0y1h2j3k4', '郑十一', 1, 29, 19000, '重庆市渝北区光电园', b'1', '13100131009', 'zheng11@example.com', '本科', '通信工程', '5年通信工程师经验，熟悉5G技术，参与过基站建设项目', NULL),
	('user_010', 'post_010', 'yH1u2j3k4l5', '王十二', 1, 31, 100, '天津市南开区华苑产业园区', b'1', '13000130010', 'wang12@example.com', '硕士', '计算机应用技术', '6年算法工程师经验，专注计算机视觉领域，发表过2篇学术论文1111111111111111111111111111', 'logo_496b36e9-3d4b-4f12-9300-5122c0935fa2.jpg'),
	('user_011', 'post_011', 'uJ2i3k4l5m6', '李十三', 1, 23, 9000, '苏州市工业园区金鸡湖大道', b'0', '13800138011', 'li13@example.com', '本科', '自动化', '应届毕业生，熟悉PLC编程和工业自动化控制系统，有实习经验', NULL),
	('user_012', 'post_012', 'iK3o4l5m6n7', '张十四', 1, 26, 14000, '合肥市蜀山区高新区', b'1', '13900139012', 'zhang14@example.com', '本科', '计算机科学', '3年Java开发经验，熟悉Spring框架，参与过企业资源规划系统开发', NULL),
	('user_013', 'post_013', 'oL4p5m6n7b8', '刘十五', 0, 33, 24000, '西安市高新区科技六路', b'1', '13700137013', 'liu15@example.com', '硕士', '软件工程', '8年软件架构师经验，主导过多个大型项目的技术架构设计', NULL),
	('user_014', 'post_014', 'pM5o6n7b8v9', '陈十六', 1, 25, 11000, '长沙市岳麓区麓谷', b'1', '13600136014', 'chen16@example.com', '本科', '信息与计算科学', '2年数据分析师经验，熟悉SQL和Python，参与过用户行为分析项目', NULL),
	('user_015', 'post_015', 'aN6s7d8f9g0', '杨十七', 0, 28, 17000, '沈阳市和平区三好街', b'1', '13500135015', 'yang17@example.com', '本科', '数字媒体技术', '4年UI/UX设计师经验，熟悉Figma和Sketch，参与过多个移动应用设计', NULL),
	('user_016', 'post_016', 'sB7d8f9g0h1', '黄十八', 0, 24, 10000, '大连市甘井子区软件园', b'0', '13400134016', 'huang18@example.com', '本科', '软件工程', '应届毕业生，熟悉Java和Web开发，有校园项目经验', NULL),
	('user_017', 'post_017', 'dC8f9g0h1j2', '周十九', 0, 30, 20000, '济南市历下区软件园', b'1', '13300133017', 'zhou19@example.com', '本科', '计算机科学', '5年Android开发经验，熟悉Kotlin和Jetpack组件，参与过多个移动应用开发', NULL),
	('user_018', 'post_018', 'fD9g0h1j2k3', '吴二十', 0, 27, 15000, '福州市鼓楼区软件园', b'1', '13200132018', 'wu20@example.com', '本科', '网络工程', '3年网络工程师经验，熟悉网络规划和安全管理，有企业网络部署经验', NULL),
	('user_019', 'post_019', 'gE0h1j2k3l4', '郑二十一', 1, 32, 22000, '厦门市思明区软件园', b'1', '13100131019', 'zheng21@example.com', '硕士', '计算机技术', '6年大数据开发经验，熟悉Hadoop和Spark，参与过数据仓库建设', NULL),
	('user_020', 'post_020', 'hF1j2k3l4m5', '王二十二', 1, 26, 14000, '南宁市青秀区东盟商务区', b'1', '13000130020', 'wang22@example.com', '本科', '电子商务', '3年电商运营经验，熟悉淘宝和京东平台，负责过店铺运营', NULL),
	('user_021', 'post_021', 'jG2k3l4m5n6', '李二十三', 0, 29, 18000, '昆明市五华区高新区', b'1', '13800138021', 'li23@example.com', '本科', '市场营销', '4年市场策划经验，擅长活动策划和品牌推广，有快消品行业经验', NULL),
	('user_022', 'post_022', 'kH3l4m5n6b7', '张二十四', 0, 25, 12000, '贵阳市观山湖区世纪城', b'1', '13900139022', 'zhang24@example.com', '本科', '会计学', '2年会计经验，熟悉财务软件和税务申报流程，有中小企业工作经验', NULL),
	('user_023', 'post_023', 'lI4m5n6b7v8', '刘二十五', 1, 31, 21000, '太原市小店区高新区', b'1', '13700137023', 'liu25@example.com', '本科', '机械工程', '5年机械设计工程师经验，熟悉ProE和UG，参与过工程机械产品设计', NULL),
	('user_024', 'post_024', 'mJ5n6b7v8c9', '陈二十六', 1, 24, 9000, '石家庄市裕华区高新区', b'0', '13600136024', 'chen26@example.com', '本科', '电气工程及其自动化', '应届毕业生，熟悉电路设计和PLC编程，有实验室项目经验', NULL),
	('user_025', 'post_025', 'nK6b7v8c9x0', '杨二十七', 0, 27, 15000, '长春市朝阳区硅谷大街', b'1', '13500135025', 'yang27@example.com', '本科', '自动化', '3年自动化工程师经验，熟悉工业机器人编程和调试，有汽车制造行业经验', NULL),
	('user_026', 'post_026', 'bL7v8c9x0z1', '黄二十八', 1, 29, 17000, '哈尔滨市南岗区经开区', b'1', '13400134026', 'huang28@example.com', '本科', '计算机科学', '4年C++开发经验，熟悉游戏开发引擎，参与过客户端游戏开发', NULL),
	('user_027', 'post_027', 'vM8c9x0z1a2', '周二十九', 1, 33, 23000, '兰州市城关区高新区', b'1', '13300133027', 'zhou29@example.com', '硕士', '通信与信息系统', '7年通信系统工程师经验，熟悉4G/5G技术，参与过通信网络优化项目', NULL),
	('user_028', 'post_028', 'cN9x0z1a2s3', '吴三十', 0, 26, 14000, '西宁市城西区海湖新区', b'1', '13200132028', 'wu30@example.com', '本科', '计算机应用技术', '3年软件测试工程师经验，熟悉自动化测试框架，参与过金融系统测试', NULL),
	('user_029', 'post_029', 'xO0z1a2s3d4', '郑三十一', 1, 30, 19000, '银川市金凤区阅海湾', b'1', '13100131029', 'zheng31@example.com', '本科', '电子科学与技术', '5年硬件工程师经验，熟悉PCB设计和电路调试，参与过消费电子产品开发', NULL),
	('user_030', 'post_030', 'zP1a2s3d4f5', '王三十二', 1, 28, 16000, '海口市龙华区国贸', b'1', '13000130030', 'wang32@example.com', '本科', '人力资源管理', '4年HRBP经验，熟悉组织发展和人才培养，有互联网企业工作经验', NULL),
	('user_031', 'post_031', 'aQ2s3d4f5g6', '李三十三', 0, 25, 12000, '北京市海淀区中关村', b'1', '13800138031', 'li33@example.com', '本科', '计算机科学', '2年前端开发经验，熟悉React框架，参与过企业管理系统开发', NULL),
	('user_032', 'post_032', 'sR3d4f5g6h7', '张三十四', 1, 32, 20000, '上海市静安区南京西路', b'1', '13900139032', 'zhang34@example.com', '硕士', '软件工程', '6年后端开发经验，熟悉微服务架构，参与过金融科技系统开发', NULL),
	('user_033', 'post_033', 'dT4f5g6h7j8', '刘三十五', 1, 23, 9000, '广州市越秀区北京路', b'0', '13700137033', 'liu35@example.com', '本科', '市场营销', '应届毕业生，熟悉市场调研和数据分析，有校园营销活动组织经验', NULL),
	('user_034', 'post_034', 'fU5g6h7j8k9', '陈三十六', 0, 27, 15000, '深圳市福田区中心区', b'1', '13600136034', 'chen36@example.com', '本科', '会计学', '3年财务分析师经验，熟悉财务建模和预算管理，有四大会计师事务所工作经验', NULL),
	('user_035', 'post_035', 'gV6h7j8k9l0', '杨三十七', 0, 29, 17000, '杭州市余杭区未来科技城', b'1', '13500135035', 'yang37@example.com', '本科', '电子信息工程', '4年嵌入式软件工程师经验，熟悉RTOS和驱动开发，参与过智能硬件产品开发', NULL),
	('user_036', 'post_036', 'hW7j8k9l0m1', '黄三十八', 1, 31, 19000, '南京市建邺区河西', b'1', '13400134036', 'huang38@example.com', '本科', '通信工程', '5年无线通信工程师经验，熟悉LTE和5G技术，参与过基站设备研发', NULL),
	('user_037', 'post_037', 'jX8k9l0m1n2', '周三十九', 1, 26, 14000, '武汉市江岸区沿江大道', b'1', '13300133037', 'zhou39@example.com', '本科', '自动化', '3年工业自动化工程师经验，熟悉SCADA系统和PLC编程，有制造业项目经验', NULL),
	('user_038', 'post_038', 'kY9l0m1n2b3', '吴四十', 0, 24, 10000, '成都市锦江区春熙路', b'0', '13200132038', 'wu40@example.com', '本科', '软件工程', '应届毕业生，熟悉Java和数据库开发，有课程设计项目经验', NULL),
	('user_039', 'post_039', 'lZ0m1n2b3v4', '郑四十一', 0, 30, 18000, '重庆市江北区观音桥', b'1', '13100131039', 'zheng41@example.com', '本科', '计算机科学', '4年Android开发经验，熟悉Flutter框架，参与过多个移动应用开发', NULL),
	('user_040', 'post_040', 'mA1n2b3v4c5', '王四十二', 0, 28, 16000, '天津市和平区南京路', b'1', '13000130040', 'wang42@example.com', '本科', '数字媒体技术', '3年UI设计师经验，熟悉Figma和Adobe XD，参与过多个网站和APP设计', NULL),
	('user_041', 'post_041', 'nB2b3v4c5x6', '李四十三', 1, 32, 21000, '沈阳市沈河区中街', b'1', '13800138041', 'li43@example.com', '硕士', '计算机应用技术', '6年算法工程师经验，熟悉机器学习和深度学习，参与过推荐系统开发', NULL),
	('user_042', 'post_042', 'bC3v4c5x6z7', '张四十四', 0, 25, 12000, '大连市沙河口区星海广场', b'1', '13900139042', 'zhang44@example.com', '本科', '信息与计算科学', '2年数据分析师经验，熟悉Python和SQL，参与过用户画像分析项目', NULL),
	('user_043', 'post_043', 'vD4c5x6z7a8', '刘四十五', 0, 29, 17000, '济南市历下区泉城路', b'1', '13700137043', 'liu45@example.com', '本科', '网络工程', '4年网络安全工程师经验，熟悉渗透测试和安全防护，有金融行业经验', NULL),
	('user_044', 'post_044', 'cE5x6z7a8s9', '陈四十六', 0, 27, 15000, '福州市鼓楼区东街口', b'1', '13600136044', 'chen46@example.com', '本科', '电子商务', '3年电商运营经验，熟悉跨境电商平台，负责过海外市场推广', NULL),
	('user_045', 'post_045', 'xF6z7a8s9d0', '杨四十七', 0, 31, 19000, '厦门市思明区中山路', b'1', '13500135045', 'yang47@example.com', '本科', '市场营销', '5年品牌策划经验，擅长品牌定位和传播策略，有快消品行业经验', NULL),
	('user_046', 'post_046', 'zG7a8s9d0f1', '黄四十八', 1, 26, 14000, '南宁市青秀区民族大道', b'1', '13400134046', 'huang48@example.com', '本科', '会计学', '3年审计经验，熟悉财务报表审计和内部控制评价，有会计师事务所工作经验', NULL),
	('user_047', 'post_047', 'aH8s9d0f1g2', '周四十九', 1, 24, 10000, '昆明市五华区南屏街', b'0', '13300133047', 'zhou49@example.com', '本科', '机械工程', '应届毕业生，熟悉机械设计和CAD绘图，有课程设计项目经验', NULL),
	('user_048', 'post_048', 'sI9d0f1g2h3', '吴五十', 0, 28, 16000, '贵阳市观山湖区金融城', b'1', '13200132048', 'wu50@example.com', '本科', '电气工程及其自动化', '4年电气工程师经验，熟悉高低压配电系统设计，参与过商业建筑电气设计', NULL),
	('user_049', 'post_049', 'dJ0f1g2h3j4', '郑五十一', 0, 30, 18000, '太原市小店区亲贤街', b'1', '13100131049', 'zheng51@example.com', '本科', '自动化', '5年自动化工程师经验，熟悉工业控制系统集成，参与过工厂自动化改造项目', NULL),
	('user_050', 'post_050', 'fK1g2h3j4k5', '王五十二', 0, 27, 15000, '石家庄市裕华区万达广场', b'1', '13000130050', 'wang52@example.com', '本科', '计算机科学', '3年Java开发经验，熟悉Spring Cloud微服务框架，参与过电商平台开发', NULL),
	('user_051', 'post_051', 'gL2h3j4k5l6', '李五十三', 1, 32, 21000, '长春市朝阳区重庆路', b'1', '13800138051', 'li53@example.com', '硕士', '软件工程', '6年全栈开发经验，熟悉前后端技术栈，主导过企业管理系统开发', NULL),
	('user_052', 'post_052', 'hM3j4k5l6m7', '张五十四', 0, 25, 12000, '哈尔滨市南岗区红军街', b'1', '13900139052', 'zhang54@example.com', '本科', '数字媒体技术', '2年UI/UX设计师经验，熟悉用户体验设计原则，参与过金融APP设计', NULL),
	('user_053', 'post_053', 'jN4k5l6m7n8', '刘五十五', 1, 29, 17000, '兰州市城关区庆阳路', b'1', '13700137053', 'liu55@example.com', '本科', '通信工程', '4年通信工程师经验，熟悉光通信技术，参与过城域网建设项目', NULL),
	('user_054', 'post_054', 'kO5l6m7n8b9', '陈五十六', 0, 27, 15000, '西宁市城西区五四西路', b'1', '13600136054', 'chen56@example.com', '本科', '电子信息工程', '3年嵌入式硬件工程师经验，熟悉原理图设计和PCB layout，参与过智能穿戴设备开发', NULL),
	('user_055', 'post_055', 'lP6m7n8b9v0', '杨五十七', 0, 31, 19000, '银川市金凤区正源南街', b'1', '13500135055', 'yang57@example.com', '本科', '计算机应用技术', '5年软件测试工程师经验，熟悉测试开发和性能测试，参与过大型电商系统测试', NULL),
	('user_056', 'post_056', 'mM7n8b9v0c1', '黄五十八', 1, 26, 14000, '海口市龙华区明珠路', b'1', '13400134056', 'huang58@example.com', '本科', '人力资源管理', '3年HR招聘专员经验，熟悉人才寻访和面试评估，有互联网企业招聘经验', NULL),
	('user_057', 'post_057', 'nN8b9v0c1x2', '周五十九', 1, 24, 10000, '北京市东城区王府井', b'0', '13300133057', 'zhou59@example.com', '本科', '市场营销', '应届毕业生，熟悉市场推广和活动策划，有校园营销实践经验', NULL),
	('user_058', 'post_058', 'bO9v0c1x2z3', '吴六十', 1, 28, 16000, '上海市浦东新区陆家嘴', b'1', '13200132058', 'wu60@example.com', '本科', '会计学', '4年财务会计经验，熟悉会计准则和税务法规，有上市公司财务工作经验', NULL),
	('user_059', 'post_059', 'vP0c1x2z3a4', '郑六十一', 0, 30, 18000, '广州市天河区天河路', b'1', '13100131059', 'zheng61@example.com', '本科', '计算机科学', '5年Python开发经验，熟悉Django和Flask框架，参与过数据分析平台开发', NULL),
	('user_060', 'post_060', 'cQ1x2z3a4s5', '王六十二', 0, 27, 15000, '深圳市南山区科技园', b'1', '13000130060', 'wang62@example.com', '本科', '电子信息工程', '3年硬件工程师经验，熟悉单片机开发和电路设计，参与过智能家居产品开发', NULL),
	('user_061', 'post_061', 'xR2z3a4s5d6', '李六十三', 1, 32, 21000, '杭州市西湖区文三路', b'1', '13800138061', 'li63@example.com', '硕士', '软件工程', '6年移动开发经验，熟悉iOS和Android开发，主导过金融APP开发', NULL),
	('user_062', 'post_062', 'zS3a4s5d6f7', '张六十四', 1, 25, 12000, '南京市玄武区珠江路', b'1', '13900139062', 'zhang64@example.com', '本科', '网络工程', '2年网络工程师经验，熟悉网络设备配置和管理，参与过企业网络优化项目', NULL),
	('user_063', 'post_063', 'aT4s5d6f7g8', '刘六十五', 1, 29, 17000, '武汉市武昌区光谷广场', b'1', '13700137063', 'liu65@example.com', '本科', '自动化', '4年自动化工程师经验，熟悉工业机器人编程和调试，参与过智能制造项目', NULL),
	('user_064', 'post_064', 'sU5d6f7g8h9', '陈六十六', 1, 27, 15000, '成都市高新区天府大道', b'1', '13600136064', 'chen66@example.com', '本科', '电子商务', '3年电商运营经验，熟悉内容运营和用户运营，负责过平台活动策划', NULL),
	('user_065', 'post_065', 'dV6f7g8h9j0', '杨六十七', 0, 31, 19000, '重庆市渝北区光电园', b'1', '13500135065', 'yang67@example.com', '本科', '市场营销', '5年市场调研经验，熟悉消费者行为分析和市场趋势研究，有咨询公司工作经验', NULL),
	('user_066', 'post_066', 'fW7g8h9j0k1', '黄六十八', 0, 26, 14000, '天津市南开区华苑产业园区', b'1', '13400134066', 'huang68@example.com', '本科', '会计学', '3年成本会计经验，熟悉成本核算和预算管理，有制造业财务工作经验', NULL),
	('user_067', 'post_067', 'gX8h9j0k1l2', '周六十九', 0, 24, 10000, '苏州市工业园区金鸡湖大道', b'0', '13300133067', 'zhou69@example.com', '本科', '机械工程', '应届毕业生，熟悉机械制造工艺和数控编程，有实习经验', NULL),
	('user_068', 'post_068', 'hY9j0k1l2m3', '吴七十', 1, 28, 16000, '合肥市蜀山区高新区', b'1', '13200132068', 'wu70@example.com', '本科', '电气工程及其自动化', '4年电气工程师经验，熟悉电力系统设计和继电保护，参与过变电站设计项目', NULL),
	('user_069', 'post_069', 'jZ0k1l2m3n4', '郑七十一', 0, 30, 18000, '西安市高新区科技六路', b'1', '13100131069', 'zheng71@example.com', '本科', '自动化', '5年自动化工程师经验，熟悉SCADA系统和工业网络，参与过智慧城市项目', NULL),
	('user_070', 'post_070', 'kA1l2m3n4b5', '王七十二', 1, 27, 15000, '长沙市岳麓区麓谷', b'1', '13000130070', 'wang72@example.com', '本科', '计算机科学', '3年Java开发经验，熟悉Spring Boot和MyBatis，参与过企业管理系统开发', NULL),
	('user_071', 'post_071', 'lB2m3n4b5v6', '李七十三', 0, 32, 21000, '沈阳市和平区三好街', b'1', '13800138071', 'li73@example.com', '硕士', '软件工程', '6年全栈开发经验，熟悉React和Node.js，主导过电商平台开发', NULL),
	('user_072', 'post_072', 'mM3n4b5v6c7', '张七十四', 1, 25, 12000, '大连市甘井子区软件园', b'1', '13900139072', 'zhang74@example.com', '本科', '数字媒体技术', '2年UI设计师经验，熟悉Adobe Creative Suite，参与过网站改版项目', NULL),
	('user_073', 'post_073', 'nN4b5v6c7x8', '刘七十五', 1, 29, 17000, '济南市历下区软件园', b'1', '13700137073', 'liu75@example.com', '本科', '通信工程', '4年通信工程师经验，熟悉5G网络规划和优化，参与过运营商项目', NULL),
	('user_074', 'post_074', 'bO5v6c7x8z9', '陈七十六', 0, 27, 15000, '福州市鼓楼区软件园', b'1', '13600136074', 'chen76@example.com', '本科', '电子信息工程', '3年嵌入式软件工程师经验，熟悉FreeRTOS和驱动开发，参与过物联网设备开发', NULL),
	('user_075', 'post_075', 'vP6c7x8z9a0', '杨七十七', 0, 31, 19000, '厦门市思明区软件园', b'1', '13500135075', 'yang77@example.com', '本科', '计算机应用技术', '5年软件测试工程师经验，熟悉自动化测试框架和性能测试工具，参与过金融系统测试', NULL),
	('user_076', 'post_076', 'cQ7x8z9a0s1', '黄七十八', 1, 26, 14000, '南宁市青秀区东盟商务区', b'1', '13400134076', 'huang78@example.com', '本科', '人力资源管理', '3年HR培训专员经验，熟悉培训体系建设和课程开发，有制造业HR经验', NULL),
	('user_077', 'post_077', 'xR8z9a0s1d2', '周七十九', 0, 24, 10000, '昆明市五华区高新区', b'0', '13300133077', 'zhou79@example.com', '本科', '市场营销', '应届毕业生，熟悉市场推广策略和数据分析，有校园营销项目经验', NULL),
	('user_078', 'post_078', 'zS9a0s1d2f3', '吴八十', 0, 28, 16000, '贵阳市观山湖区世纪城', b'1', '13200132078', 'wu80@example.com', '本科', '会计学', '4年财务主管经验，熟悉财务管理和税务筹划，有中小企业财务工作经验', NULL),
	('user_079', 'post_079', 'aT0s1d2f3g4', '郑八十一', 1, 30, 18000, '太原市小店区高新区', b'1', '13100131079', 'zheng81@example.com', '本科', '计算机科学', '5年Python开发经验，熟悉数据分析和机器学习，参与过智能推荐系统开发', NULL),
	('user_080', 'post_080', 'sU1d2f3g4h5', '王八十二', 1, 27, 15000, '石家庄市裕华区高新区', b'1', '13000130080', 'wang82@example.com', '本科', '电子信息工程', '3年硬件工程师经验，熟悉FPGA开发和数字电路设计，参与过通信设备开发', NULL),
	('user_081', 'post_081', 'dV2f3g4h5j6', '李八十三', 0, 32, 21000, '长春市朝阳区硅谷大街', b'1', '13800138081', 'li83@example.com', '硕士', '软件工程', '6年移动开发经验，熟悉Swift和iOS开发，主导过教育类APP开发', NULL),
	('user_082', 'post_082', 'fW3g4h5j6k7', '张八十四', 0, 25, 12000, '哈尔滨市南岗区经开区', b'1', '13900139082', 'zhang84@example.com', '本科', '网络工程', '2年网络安全工程师经验，熟悉防火墙配置和安全审计，参与过企业安全防护项目', NULL),
	('user_083', 'post_083', 'gX4h5j6k7l8', '刘八十五', 0, 29, 17000, '兰州市城关区高新区', b'1', '13700137083', 'liu85@example.com', '本科', '自动化', '4年自动化工程师经验，熟悉工业控制系统和PLC编程，参与过化工自动化项目', NULL),
	('user_084', 'post_084', 'hY5j6k7l8m9', '陈八十六', 0, 27, 15000, '西宁市城西区海湖新区', b'1', '13600136084', 'chen86@example.com', '本科', '电子商务', '3年电商运营经验，熟悉跨境电商平台运营，负责过海外市场拓展', NULL),
	('user_085', 'post_085', 'jZ6k7l8m9n0', '郑八十七', 1, 31, 19000, '银川市金凤区阅海湾', b'1', '13500135085', 'zheng87@example.com', '本科', '市场营销', '5年品牌营销经验，熟悉品牌定位和传播策略，有快消品行业经验', NULL),
	('user_086', 'post_086', 'kA7l8m9n0b1', '王八十八', 0, 26, 14000, '海口市龙华区国贸', b'1', '13400134086', 'wang88@example.com', '本科', '会计学', '3年审计经验，熟悉财务报表审计和内部控制评价，有会计师事务所工作经验', NULL),
	('user_087', 'post_087', 'lB8m9n0b1v2', '李八十九', 0, 24, 10000, '北京市海淀区中关村', b'0', '13300133087', 'li89@example.com', '本科', '机械工程', '应届毕业生，熟悉机械设计和CAD/CAM技术，有课程设计项目经验', NULL),
	('user_088', 'post_088', 'mM9n0b1v2c3', '张九十', 0, 28, 16000, '上海市静安区南京西路', b'1', '13200132088', 'zhang90@example.com', '本科', '电气工程及其自动化', '4年电气工程师经验，熟悉电力电子技术和新能源发电，参与过光伏电站设计', NULL),
	('user_089', 'post_089', 'nN0b1v2c3x4', '刘九十一', 1, 30, 18000, '广州市越秀区北京路', b'1', '13100131089', 'liu91@example.com', '本科', '自动化', '5年自动化工程师经验，熟悉工业机器人和智能制造技术，参与过智能工厂项目', NULL),
	('user_090', 'post_090', 'bO1v2c3x4z5', '陈九十二', 1, 27, 15000, '深圳市福田区中心区', b'1', '13000130090', 'chen92@example.com', '本科', '计算机科学', '3年Java开发经验，熟悉微服务架构和容器化技术，参与过金融系统开发', NULL),
	('user_091', 'post_091', 'vP2c3x4z5a6', '杨九十三', 1, 32, 21000, '杭州市余杭区未来科技城', b'1', '13800138091', 'yang93@example.com', '硕士', '软件工程', '6年全栈开发经验，熟悉Vue和Spring Boot，主导过企业级应用开发', NULL),
	('user_092', 'post_092', 'cQ3x4z5a6s7', '黄九十四', 1, 25, 12000, '南京市建邺区河西', b'1', '13900139092', 'huang94@example.com', '本科', '数字媒体技术', '2年UI/UX设计师经验，熟悉用户研究和交互设计，参与过医疗APP设计', NULL),
	('user_093', 'post_093', 'xR4z5a6s7d8', '周九十五', 1, 29, 17000, '武汉市江岸区沿江大道', b'1', '13700137093', 'zhou95@example.com', '本科', '通信工程', '4年通信工程师经验，熟悉卫星通信技术，参与过航天通信项目', NULL),
	('user_094', 'post_094', 'zS5a6s7d8f9', '吴九十六', 1, 27, 15000, '成都市锦江区春熙路', b'1', '13600136094', 'wu96@example.com', '本科', '电子信息工程', '3年嵌入式硬件工程师经验，熟悉高速电路设计和信号完整性分析，参与过雷达设备开发', NULL),
	('user_095', 'post_095', 'aT6s7d8f9g0', '郑九十七', 0, 31, 19000, '重庆市江北区观音桥', b'1', '13500135095', 'zheng97@example.com', '本科', '计算机应用技术', '5年软件测试工程师经验，熟悉测试管理和自动化测试框架，参与过大型游戏测试', NULL),
	('user_096', 'post_096', 'sU7d8f9g0h1', '王九十八', 0, 26, 14000, '天津市和平区南京路', b'1', '13400134096', 'wang98@example.com', '本科', '人力资源管理', '3年HRBP经验，熟悉组织发展和人才管理，有互联网企业HR经验', NULL),
	('user_097', 'post_097', 'dV8f9g0h1j2', '李九十九', 1, 24, 10000, '沈阳市沈河区中街', b'0', '13300133097', 'li99@example.com', '本科', '市场营销', '应届毕业生，熟悉市场调研和数据分析，有校园营销活动组织经验', NULL),
	('user_098', 'post_098', 'fW9g0h1j2k3', '张一百', 1, 28, 16000, '大连市沙河口区星海广场', b'1', '13200132098', 'zhang100@example.com', '本科', '会计学', '4年财务会计经验，熟悉会计准则和税务法规，有中小企业财务工作经验', NULL),
	('user_099', 'post_099', 'gX0h1j2k3l4', '刘一百零一', 0, 30, 18000, '济南市历下区泉城路', b'1', '13100131099', 'liu101@example.com', '本科', '计算机科学', '5年Python开发经验，熟悉Web开发和数据分析，参与过内容管理系统开发', NULL),
	('user_100', 'post_100', 'hY1j2k3l4m5', '陈一百零二', 1, 27, 15000, '福州市鼓楼区东街口', b'1', '13000130100', 'chen102@example.com', '本科', '电子信息工程', '3年硬件工程师经验，熟悉射频电路设计和调试，参与过无线通信设备开发', NULL),
	('user_101', 'post_101', 'jZ2k3l4m5n6', '杨一百零三', 0, 32, 21000, '厦门市思明区中山路', b'1', '13800138101', 'yang103@example.com', '硕士', '软件工程', '6年移动开发经验，熟悉Flutter和跨平台开发，主导过社交APP开发', NULL),
	('user_102', 'post_102', 'kA3l4m5n6b7', '黄一百零四', 0, 25, 12000, '南宁市青秀区民族大道', b'1', '13900139102', 'huang104@example.com', '本科', '网络工程', '2年网络工程师经验，熟悉SDN和网络虚拟化技术，参与过数据中心网络建设', NULL),
	('user_103', 'post_103', 'lB4m5n6b7v8', '周一百零五', 1, 29, 17000, '昆明市五华区南屏街', b'1', '13700137103', 'zhou105@example.com', '本科', '自动化', '4年自动化工程师经验，熟悉工业物联网和SCADA系统，参与过智慧城市项目', NULL),
	('user_104', 'post_104', 'mM5n6b7v8c9', '吴一百零六', 0, 27, 15000, '贵阳市观山湖区金融城', b'1', '13600136104', 'wu106@example.com', '本科', '电子商务', '3年电商运营经验，熟悉直播电商和内容运营，负责过直播带货项目', NULL),
	('user_105', 'post_105', 'nN6b7v8c9x0', '郑一百零七', 1, 31, 19000, '太原市小店区亲贤街', b'1', '13500135105', 'zheng107@example.com', '本科', '市场营销', '5年市场策划经验，熟悉整合营销传播和品牌建设，有快消品行业经验', NULL),
	('user_106', 'post_106', 'bO7v8c9x0z1', '王一百零八', 0, 26, 14000, '石家庄市裕华区万达广场', b'1', '13400134106', 'wang108@example.com', '本科', '会计学', '3年成本会计经验，熟悉成本核算和预算管理，有制造业财务工作经验', NULL),
	('user_107', 'post_107', 'vP8c9x0z1a2', '李一百零九', 1, 24, 10000, '长春市朝阳区重庆路', b'0', '13300133107', 'li109@example.com', '本科', '机械工程', '应届毕业生，熟悉机械设计和CAD绘图，有课程设计项目经验', NULL),
	('user_108', 'post_108', 'cQ9x0z1a2s3', '张一百一十', 0, 28, 16000, '哈尔滨市南岗区红军街', b'1', '13200132108', 'zhang110@example.com', '本科', '电气工程及其自动化', '4年电气工程师经验，熟悉电力系统分析和继电保护配置，参与过变电站设计项目', NULL),
	('user_109', 'post_109', 'xR0z1a2s3d4', '刘一百一十一', 0, 30, 18000, '兰州市城关区庆阳路', b'1', '13100131109', 'liu111@example.com', '本科', '自动化', '5年自动化工程师经验，熟悉工业机器人编程和调试，参与过汽车生产线自动化改造', NULL),
	('user_110', 'post_110', 'zS1a2s3d4f5', '陈一百一十二', 1, 27, 15000, '西宁市城西区五四西路', b'1', '13000130110', 'chen112@example.com', '本科', '计算机科学', '3年Java开发经验，熟悉Spring框架和数据库设计，参与过企业资源规划系统开发', NULL),
	('user_111', 'post_111', 'aT2s3d4f5g6', '杨一百一十三', 1, 32, 21000, '银川市金凤区正源南街', b'1', '13800138111', 'yang113@example.com', '硕士', '软件工程', '6年全栈开发经验，熟悉MEAN栈技术，主导过电子商务平台开发', NULL),
	('user_112', 'post_112', 'sU3d4f5g6h7', '黄一百一十四', 1, 25, 12000, '海口市龙华区明珠路', b'1', '13900139112', 'huang114@example.com', '本科', '数字媒体技术', '2年UI设计师经验，熟悉Adobe Creative Suite和交互设计，参与过旅游APP设计', NULL),
	('user_113', 'post_113', 'dV4f5g6h7j8', '周一百一十五', 0, 29, 17000, '北京市东城区王府井', b'1', '13700137113', 'zhou115@example.com', '本科', '通信工程', '4年通信工程师经验，熟悉5G核心网技术，参与过运营商5G网络建设', NULL),
	('user_114', 'post_114', 'fW5g6h7j8k9', '吴一百一十六', 0, 27, 15000, '上海市浦东新区陆家嘴', b'1', '13600136114', 'wu116@example.com', '本科', '电子信息工程', '3年嵌入式软件工程师经验，熟悉RTOS和驱动开发，参与过智能家居设备开发', NULL),
	('user_115', 'post_115', 'gX6h7j8k9l0', '郑一百一十七', 1, 31, 19000, '广州市天河区天河路', b'1', '13500135115', 'zheng117@example.com', '本科', '计算机应用技术', '5年软件测试工程师经验，熟悉自动化测试框架和测试管理工具，参与过金融系统测试', NULL),
	('user_116', 'post_116', 'hY7j8k9l0m1', '王一百一十八', 0, 26, 14000, '深圳市南山区科技园', b'1', '13400134116', 'wang118@example.com', '本科', '人力资源管理', '3年HR招聘专员经验，熟悉人才寻访和面试评估，有互联网企业招聘经验', NULL),
	('user_117', 'post_117', 'jZ8k9l0m1n2', '李一百一十九', 1, 24, 10000, '杭州市西湖区文三路', b'0', '13300133117', 'li119@example.com', '本科', '市场营销', '应届毕业生，熟悉市场推广和活动策划，有校园营销实践经验', NULL),
	('user_118', 'post_118', 'kA9l0m1n2b3', '张一百二十', 1, 28, 16000, '南京市玄武区珠江路', b'1', '13200132118', 'zhang120@example.com', '本科', '会计学', '4年财务会计经验，熟悉会计准则和税务法规，有上市公司财务工作经验', NULL),
	('user_119', 'post_119', 'lB0m1n2b3v4', '刘一百二十一', 1, 30, 18000, '武汉市武昌区光谷广场', b'1', '13100131119', 'liu121@example.com', '本科', '计算机科学', '5年Python开发经验，熟悉Django框架和数据分析，参与过内容管理系统开发', NULL),
	('user_120', 'post_120', 'mM1n2b3v4c5', '陈一百二十二', 0, 27, 15000, '成都市高新区天府大道', b'1', '13000130120', 'chen122@example.com', '本科', '电子信息工程', '3年硬件工程师经验，熟悉单片机开发和电路设计，参与过智能穿戴设备开发', NULL),
	('user_121', 'post_121', 'nN2b3v4c5x6', '杨一百二十三', 1, 32, 21000, '重庆市渝北区光电园', b'1', '13800138121', 'yang123@example.com', '硕士', '软件工程', '6年移动开发经验，熟悉iOS和Android开发，主导过金融APP开发', NULL),
	('user_122', 'post_122', 'bO3v4c5x6z7', '黄一百二十四', 0, 25, 12000, '天津市南开区华苑产业园区', b'1', '13900139122', 'huang124@example.com', '本科', '网络工程', '2年网络工程师经验，熟悉网络设备配置和管理，参与过企业网络优化项目', NULL),
	('user_123', 'post_123', 'vP4c5x6z7a8', '周一百二十五', 0, 29, 17000, '苏州市工业园区金鸡湖大道', b'1', '13700137123', 'zhou125@example.com', '本科', '自动化', '4年自动化工程师经验，熟悉工业机器人编程和调试，参与过智能制造项目', NULL),
	('user_124', 'post_124', 'cQ5x6z7a8s9', '吴一百二十六', 0, 27, 15000, '合肥市蜀山区高新区', b'1', '13600136124', 'wu126@example.com', '本科', '电子商务', '3年电商运营经验，熟悉内容运营和用户运营，负责过平台活动策划', NULL),
	('user_125', 'post_125', 'xR6z7a8s9d0', '郑一百二十七', 0, 31, 19000, '西安市高新区科技六路', b'1', '13500135125', 'zheng127@example.com', '本科', '市场营销', '5年市场调研经验，熟悉消费者行为分析和市场趋势研究，有咨询公司工作经验', NULL),
	('user_126', 'post_126', 'zS7a8s9d0f1', '王一百二十八', 1, 26, 14000, '长沙市岳麓区麓谷', b'1', '13400134126', 'wang128@example.com', '本科', '会计学', '3年成本会计经验，熟悉成本核算和预算管理，有制造业财务工作经验', NULL),
	('user_127', 'post_127', 'aT8s9d0f1g2', '李一百二十九', 1, 24, 10000, '沈阳市和平区三好街', b'0', '13300133127', 'li129@example.com', '本科', '机械工程', '应届毕业生，熟悉机械制造工艺和数控编程，有实习经验', NULL),
	('user_128', 'post_128', 'sU9d0f1g2h3', '张一百三十', 1, 28, 16000, '大连市甘井子区软件园', b'1', '13200132128', 'zhang130@example.com', '本科', '电气工程及其自动化', '4年电气工程师经验，熟悉电力系统设计和继电保护，参与过变电站设计项目', NULL),
	('user_129', 'post_129', 'dV0f1g2h3j4', '刘一百三十一', 1, 30, 18000, '济南市历下区软件园', b'1', '13100131129', 'liu131@example.com', '本科', '自动化', '5年自动化工程师经验，熟悉SCADA系统和工业网络，参与过智慧城市项目', NULL),
	('user_130', 'post_130', 'fW1g2h3j4k5', '陈一百三十二', 1, 27, 15000, '福州市鼓楼区软件园', b'1', '13000130130', 'chen132@example.com', '本科', '计算机科学', '3年Java开发经验，熟悉Spring Boot和MyBatis，参与过企业管理系统开发', NULL),
	('user_131', 'post_131', 'gX2h3j4k5l6', '杨一百三十三', 0, 32, 21000, '厦门市思明区软件园', b'1', '13800138131', 'yang133@example.com', '硕士', '软件工程', '6年全栈开发经验，熟悉React和Node.js，主导过电商平台开发', NULL),
	('user_132', 'post_132', 'hY3j4k5l6m7', '黄一百三十四', 0, 25, 12000, '南宁市青秀区东盟商务区', b'1', '13900139132', 'huang134@example.com', '本科', '数字媒体技术', '2年UI设计师经验，熟悉Adobe Creative Suite，参与过网站改版项目', NULL),
	('user_133', 'post_133', 'jZ4k5l6m7n8', '周一百三十五', 0, 29, 17000, '昆明市五华区高新区', b'1', '13700137133', 'zhou135@example.com', '本科', '通信工程', '4年通信工程师经验，熟悉5G网络规划和优化，参与过运营商项目', NULL),
	('user_134', 'post_134', 'kA5l6m7n8b9', '吴一百三十六', 0, 27, 15000, '贵阳市观山湖区世纪城', b'1', '13600136134', 'wu136@example.com', '本科', '电子信息工程', '3年嵌入式软件工程师经验，熟悉FreeRTOS和驱动开发，参与过物联网设备开发', NULL),
	('user_135', 'post_135', 'lB6m7n8b9v0', '郑一百三十七', 1, 31, 19000, '太原市小店区高新区', b'1', '13500135135', 'zheng137@example.com', '本科', '计算机应用技术', '5年软件测试工程师经验，熟悉自动化测试框架和性能测试工具，参与过金融系统测试', NULL),
	('user_136', 'post_136', 'mM7n8b9v0c1', '王一百三十八', 0, 26, 14000, '石家庄市裕华区高新区', b'1', '13400134136', 'wang138@example.com', '本科', '人力资源管理', '3年HR培训专员经验，熟悉培训体系建设和课程开发，有制造业HR经验', NULL),
	('user_137', 'post_137', 'nN8b9v0c1x2', '李一百三十九', 1, 24, 10000, '长春市朝阳区硅谷大街', b'0', '13300133137', 'li139@example.com', '本科', '市场营销', '应届毕业生，熟悉市场推广策略和数据分析，有校园营销项目经验', NULL),
	('user_138', 'post_138', 'bO9v0c1x2z3', '张一百四十', 0, 28, 16000, '哈尔滨市南岗区经开区', b'1', '13200132138', 'zhang140@example.com', '本科', '会计学', '4年财务主管经验，熟悉财务管理和税务筹划，有中小企业财务工作经验', NULL),
	('user_139', 'post_139', 'vP0c1x2z3a4', '刘一百四十一', 0, 30, 18000, '兰州市城关区高新区', b'1', '13100131139', 'liu141@example.com', '本科', '计算机科学', '5年Python开发经验，熟悉数据分析和机器学习，参与过智能推荐系统开发', NULL),
	('user_140', 'post_140', 'cQ1x2z3a4s5', '王一百四十二', 0, 27, 15000, '西宁市城西区海湖新区', b'1', '13000130140', 'wang142@example.com', '本科', '电子信息工程', '3年硬件工程师经验，熟悉FPGA开发和数字电路设计，参与过通信设备开发', NULL),
	('user_141', 'post_141', 'xR2z3a4s5d6', '李一百四十三', 0, 32, 21000, '银川市金凤区阅海湾', b'1', '13800138141', 'li143@example.com', '硕士', '软件工程', '6年移动开发经验，熟悉Swift和iOS开发，主导过教育类APP开发', NULL),
	('user_142', 'post_142', 'zS3a4s5d6f7', '张一百四十四', 1, 25, 12000, '海口市龙华区国贸', b'1', '13900139142', 'zhang144@example.com', '本科', '网络工程', '2年网络安全工程师经验，熟悉防火墙配置和安全审计，参与过企业安全防护项目', NULL),
	('user_143', 'post_143', 'aT4s5d6f7g8', '刘一百四十五', 1, 29, 17000, '北京市海淀区中关村', b'1', '13700137143', 'liu145@example.com', '本科', '自动化', '4年自动化工程师经验，熟悉工业控制系统和PLC编程，参与过化工自动化项目', NULL),
	('user_144', 'post_144', 'sU5d6f7g8h9', '陈一百四十六', 0, 27, 15000, '上海市静安区南京西路', b'1', '13600136144', 'chen146@example.com', '本科', '电子商务', '3年电商运营经验，熟悉跨境电商平台运营，负责过海外市场拓展', NULL),
	('user_145', 'post_145', 'dV6f7g8h9j0', '杨一百四十七', 0, 31, 19000, '广州市越秀区北京路', b'1', '13500135145', 'yang147@example.com', '本科', '市场营销', '5年品牌营销经验，熟悉品牌定位和传播策略，有快消品行业经验', NULL),
	('user_146', 'post_146', 'fW7g8h9j0k1', '黄一百四十八', 1, 26, 14000, '深圳市福田区中心区', b'1', '13400134146', 'huang148@example.com', '本科', '会计学', '3年审计经验，熟悉财务报表审计和内部控制评价，有会计师事务所工作经验', NULL),
	('user_147', 'post_147', 'gX8h9j0k1l2', '周一百四十九', 1, 24, 10000, '杭州市余杭区未来科技城', b'0', '13300133147', 'zhou149@example.com', '本科', '机械工程', '应届毕业生，熟悉机械设计和CAD/CAM技术，有课程设计项目经验', NULL),
	('user_148', 'post_148', 'hY9j0k1l2m3', '吴一百五十', 0, 28, 16000, '南京市建邺区河西', b'1', '13200132148', 'wu150@example.com', '本科', '电气工程及其自动化', '4年电气工程师经验，熟悉电力电子技术和新能源发电，参与过光伏电站设计', NULL),
	('user_149', 'post_149', 'jZ0k1l2m3n4', '郑一百五十一', 0, 30, 18000, '武汉市江岸区沿江大道', b'1', '13100131149', 'zheng151@example.com', '本科', '自动化', '5年自动化工程师经验，熟悉工业机器人和智能制造技术，参与过智能工厂项目', NULL),
	('user_150', 'post_150', 'kA1l2m3n4b5', '王一百五十二', 0, 27, 15000, '成都市锦江区春熙路', b'1', '13000130150', 'wang152@example.com', '本科', '计算机科学', '3年Java开发经验，熟悉微服务架构和经验，熟悉微服务架构和容器化技术，参与过金融系统开发', NULL),
	('user_151', 'post_151', 'lB2m3n4b5v6', '李一百五十三', 0, 32, 21000, '重庆市江北区观音桥', b'1', '13800138151', 'li153@example.com', '硕士', '软件工程', '6年全栈开发经验，熟悉Vue和Spring Boot，主导过企业级应用开发', NULL),
	('user_152', 'post_152', 'mM3n4b5v6c7', '张一百五十四', 0, 25, 12000, '天津市和平区南京路', b'1', '13900139152', 'zhang154@example.com', '本科', '数字媒体技术', '2年UI/UX设计师经验，熟悉用户研究和交互设计，参与过医疗APP设计', NULL),
	('user_153', 'post_153', 'nN4b5v6c7x8', '刘一百五十五', 0, 29, 17000, '沈阳市沈河区中街', b'1', '13700137153', 'liu155@example.com', '本科', '通信工程', '4年通信工程师经验，熟悉卫星通信技术，参与过航天通信项目', NULL),
	('user_154', 'post_154', 'bO5v6c7x8z9', '陈一百五十六', 0, 27, 15000, '大连市沙河口区星海广场', b'1', '13600136154', 'chen156@example.com', '本科', '电子信息工程', '3年嵌入式硬件工程师经验，熟悉高速电路设计和信号完整性分析，参与过雷达设备开发', NULL),
	('user_155', 'post_155', 'vP6c7x8z9a0', '杨一百五十七', 0, 31, 19000, '济南市历下区泉城路', b'1', '13500135155', 'yang157@example.com', '本科', '计算机应用技术', '5年软件测试工程师经验，熟悉测试管理和自动化测试框架，参与过大型游戏测试', NULL),
	('user_156', 'post_156', 'pA2s3s4w5d7', '张初中', 0, 20, 5000, '北京市朝阳区', b'0', '13800138156', 'zhang156@example.com', '初中及以下', '不限专业', '初中毕业，无工作经验，愿意学习新技能', NULL),
	('user_157', 'post_157', 'qW3e4r5t6y8', '李初中', 1, 22, 5500, '上海市浦东新区', b'0', '13800138157', 'li157@example.com', '初中及以下', '不限专业', '初中毕业，有简单工作经验', NULL),
	('user_158', 'post_158', 'aS4d5f6g7h9', '王初中', 0, 19, 4500, '广州市天河区', b'0', '13800138158', 'wang158@example.com', '初中及以下', '不限专业', '初中毕业，愿意从事基础工作', NULL),
	('user_159', 'post_159', 'zX5c6v7b8n0', '赵初中', 1, 21, 5000, '深圳市南山区', b'0', '13800138159', 'zhao159@example.com', '初中及以下', '不限专业', '初中毕业，学习能力强', NULL),
	('user_160', 'post_160', 'qA6z7w8x9c1', '钱初中', 0, 23, 5200, '杭州市西湖区', b'0', '13800138160', 'qian160@example.com', '初中及以下', '不限专业', '初中毕业，有体力劳动经验', NULL);

-- 导出  表 IRMS.employeepreference 结构
CREATE TABLE IF NOT EXISTS `employeepreference` (
  `preference_id` int NOT NULL AUTO_INCREMENT,
  `employee_username` char(50) CHARACTER SET utf8mb4 COLLATE utf8mb4_0900_ai_ci NOT NULL,
  `preference_job_id` int NOT NULL,
  PRIMARY KEY (`preference_id`) USING BTREE,
  UNIQUE KEY `one_one` (`employee_username`,`preference_job_id`) USING BTREE,
  KEY `ffkey2` (`preference_job_id`) USING BTREE,
  CONSTRAINT `ffkey1` FOREIGN KEY (`employee_username`) REFERENCES `employee` (`username`) ON DELETE CASCADE ON UPDATE CASCADE,
  CONSTRAINT `ffkey2` FOREIGN KEY (`preference_job_id`) REFERENCES `job` (`id`) ON DELETE CASCADE ON UPDATE CASCADE
) ENGINE=InnoDB AUTO_INCREMENT=1280 DEFAULT CHARSET=utf8mb4 COLLATE=utf8mb4_0900_ai_ci ROW_FORMAT=DYNAMIC;

-- 正在导出表  IRMS.employeepreference 的数据：~1,101 rows (大约)
DELETE FROM `employeepreference`;
INSERT INTO `employeepreference` (`preference_id`, `employee_username`, `preference_job_id`) VALUES
	(5, 'user_002', 5),
	(6, 'user_002', 6),
	(7, 'user_003', 7),
	(8, 'user_003', 8),
	(9, 'user_004', 9),
	(10, 'user_004', 10),
	(11, 'user_004', 11),
	(12, 'user_005', 12),
	(13, 'user_005', 13),
	(14, 'user_006', 14),
	(15, 'user_006', 15),
	(16, 'user_006', 16),
	(17, 'user_007', 17),
	(18, 'user_007', 18),
	(19, 'user_008', 19),
	(20, 'user_008', 20),
	(21, 'user_008', 21),
	(22, 'user_009', 22),
	(23, 'user_009', 23),
	(27, 'user_011', 27),
	(28, 'user_011', 28),
	(29, 'user_012', 29),
	(30, 'user_012', 30),
	(31, 'user_012', 31),
	(32, 'user_013', 32),
	(33, 'user_013', 33),
	(34, 'user_014', 34),
	(35, 'user_014', 35),
	(36, 'user_014', 36),
	(37, 'user_015', 37),
	(38, 'user_015', 38),
	(39, 'user_016', 39),
	(40, 'user_016', 40),
	(41, 'user_016', 41),
	(42, 'user_017', 42),
	(43, 'user_017', 43),
	(44, 'user_018', 44),
	(45, 'user_018', 45),
	(46, 'user_018', 46),
	(47, 'user_019', 47),
	(48, 'user_019', 48),
	(49, 'user_020', 49),
	(50, 'user_020', 50),
	(51, 'user_020', 51),
	(52, 'user_021', 52),
	(53, 'user_021', 53),
	(54, 'user_022', 54),
	(55, 'user_022', 55),
	(56, 'user_022', 56),
	(57, 'user_023', 57),
	(58, 'user_023', 58),
	(59, 'user_024', 59),
	(60, 'user_024', 60),
	(61, 'user_024', 61),
	(62, 'user_025', 62),
	(63, 'user_025', 63),
	(64, 'user_026', 64),
	(65, 'user_026', 65),
	(66, 'user_026', 66),
	(67, 'user_027', 67),
	(68, 'user_027', 68),
	(69, 'user_028', 69),
	(70, 'user_028', 70),
	(71, 'user_028', 71),
	(72, 'user_029', 72),
	(73, 'user_029', 73),
	(74, 'user_030', 74),
	(75, 'user_030', 75),
	(76, 'user_030', 76),
	(77, 'user_031', 77),
	(78, 'user_031', 78),
	(79, 'user_032', 79),
	(80, 'user_032', 80),
	(81, 'user_032', 81),
	(82, 'user_033', 82),
	(83, 'user_033', 83),
	(84, 'user_034', 84),
	(85, 'user_034', 85),
	(86, 'user_034', 86),
	(87, 'user_035', 87),
	(88, 'user_035', 88),
	(89, 'user_036', 89),
	(90, 'user_036', 90),
	(91, 'user_036', 91),
	(92, 'user_037', 92),
	(93, 'user_037', 93),
	(94, 'user_038', 94),
	(95, 'user_038', 95),
	(96, 'user_038', 96),
	(97, 'user_039', 97),
	(98, 'user_039', 98),
	(99, 'user_040', 99),
	(100, 'user_040', 100),
	(101, 'user_040', 101),
	(102, 'user_041', 102),
	(103, 'user_041', 103),
	(104, 'user_042', 104),
	(105, 'user_042', 105),
	(106, 'user_042', 106),
	(107, 'user_043', 107),
	(108, 'user_043', 108),
	(109, 'user_044', 109),
	(110, 'user_044', 110),
	(111, 'user_044', 111),
	(112, 'user_045', 112),
	(113, 'user_045', 113),
	(114, 'user_046', 114),
	(115, 'user_046', 115),
	(116, 'user_046', 116),
	(117, 'user_047', 117),
	(118, 'user_047', 118),
	(119, 'user_048', 119),
	(120, 'user_048', 120),
	(121, 'user_048', 121),
	(122, 'user_049', 122),
	(123, 'user_049', 123),
	(124, 'user_050', 124),
	(125, 'user_050', 125),
	(126, 'user_050', 126),
	(127, 'user_051', 127),
	(128, 'user_051', 128),
	(129, 'user_052', 129),
	(130, 'user_052', 130),
	(131, 'user_052', 131),
	(132, 'user_053', 132),
	(133, 'user_053', 133),
	(134, 'user_054', 134),
	(135, 'user_054', 135),
	(136, 'user_054', 136),
	(137, 'user_055', 137),
	(138, 'user_055', 138),
	(139, 'user_056', 139),
	(140, 'user_056', 140),
	(141, 'user_056', 141),
	(142, 'user_057', 142),
	(143, 'user_057', 143),
	(144, 'user_058', 144),
	(145, 'user_058', 145),
	(146, 'user_058', 146),
	(147, 'user_059', 147),
	(148, 'user_059', 148),
	(149, 'user_060', 149),
	(150, 'user_060', 150),
	(151, 'user_060', 151),
	(152, 'user_061', 152),
	(153, 'user_061', 153),
	(154, 'user_062', 154),
	(155, 'user_062', 155),
	(156, 'user_062', 156),
	(157, 'user_063', 157),
	(158, 'user_063', 158),
	(159, 'user_064', 159),
	(160, 'user_064', 160),
	(161, 'user_064', 161),
	(162, 'user_065', 162),
	(163, 'user_065', 163),
	(164, 'user_066', 164),
	(165, 'user_066', 165),
	(166, 'user_066', 166),
	(167, 'user_067', 167),
	(168, 'user_067', 168),
	(169, 'user_068', 169),
	(170, 'user_068', 170),
	(171, 'user_068', 171),
	(172, 'user_069', 172),
	(173, 'user_069', 173),
	(174, 'user_070', 174),
	(175, 'user_070', 175),
	(176, 'user_070', 176),
	(177, 'user_071', 177),
	(178, 'user_071', 178),
	(179, 'user_072', 179),
	(180, 'user_072', 180),
	(181, 'user_072', 181),
	(182, 'user_073', 182),
	(183, 'user_073', 183),
	(184, 'user_074', 184),
	(185, 'user_074', 185),
	(186, 'user_074', 186),
	(187, 'user_075', 187),
	(188, 'user_075', 188),
	(189, 'user_076', 189),
	(190, 'user_076', 190),
	(191, 'user_076', 191),
	(192, 'user_077', 192),
	(193, 'user_077', 193),
	(194, 'user_078', 194),
	(195, 'user_078', 195),
	(196, 'user_078', 196),
	(197, 'user_079', 197),
	(198, 'user_079', 198),
	(199, 'user_080', 199),
	(200, 'user_080', 1),
	(201, 'user_080', 2),
	(204, 'user_082', 5),
	(205, 'user_082', 6),
	(206, 'user_082', 7),
	(207, 'user_083', 8),
	(208, 'user_083', 9),
	(209, 'user_084', 10),
	(210, 'user_084', 11),
	(211, 'user_084', 12),
	(212, 'user_085', 13),
	(213, 'user_085', 14),
	(214, 'user_086', 15),
	(215, 'user_086', 16),
	(216, 'user_086', 17),
	(217, 'user_087', 18),
	(218, 'user_087', 19),
	(219, 'user_088', 20),
	(220, 'user_088', 21),
	(221, 'user_088', 22),
	(222, 'user_089', 23),
	(223, 'user_089', 24),
	(224, 'user_090', 25),
	(225, 'user_090', 26),
	(226, 'user_090', 27),
	(227, 'user_091', 28),
	(228, 'user_091', 29),
	(229, 'user_092', 30),
	(230, 'user_092', 31),
	(231, 'user_092', 32),
	(232, 'user_093', 33),
	(233, 'user_093', 34),
	(234, 'user_094', 35),
	(235, 'user_094', 36),
	(236, 'user_094', 37),
	(237, 'user_095', 38),
	(238, 'user_095', 39),
	(239, 'user_096', 40),
	(240, 'user_096', 41),
	(241, 'user_096', 42),
	(242, 'user_097', 43),
	(243, 'user_097', 44),
	(244, 'user_098', 45),
	(245, 'user_098', 46),
	(246, 'user_098', 47),
	(247, 'user_099', 48),
	(248, 'user_099', 49),
	(249, 'user_100', 50),
	(250, 'user_100', 51),
	(251, 'user_100', 52),
	(252, 'user_101', 53),
	(253, 'user_101', 54),
	(254, 'user_102', 55),
	(255, 'user_102', 56),
	(256, 'user_102', 57),
	(257, 'user_103', 58),
	(258, 'user_103', 59),
	(259, 'user_104', 60),
	(260, 'user_104', 61),
	(261, 'user_104', 62),
	(262, 'user_105', 63),
	(263, 'user_105', 64),
	(264, 'user_106', 65),
	(265, 'user_106', 66),
	(266, 'user_106', 67),
	(267, 'user_107', 68),
	(268, 'user_107', 69),
	(269, 'user_108', 70),
	(270, 'user_108', 71),
	(271, 'user_108', 72),
	(272, 'user_109', 73),
	(273, 'user_109', 74),
	(274, 'user_110', 75),
	(275, 'user_110', 76),
	(276, 'user_110', 77),
	(277, 'user_111', 78),
	(278, 'user_111', 79),
	(279, 'user_112', 80),
	(280, 'user_112', 81),
	(281, 'user_112', 82),
	(282, 'user_113', 83),
	(283, 'user_113', 84),
	(284, 'user_114', 85),
	(285, 'user_114', 86),
	(286, 'user_114', 87),
	(287, 'user_115', 88),
	(288, 'user_115', 89),
	(289, 'user_116', 90),
	(290, 'user_116', 91),
	(291, 'user_116', 92),
	(292, 'user_117', 93),
	(293, 'user_117', 94),
	(294, 'user_118', 95),
	(295, 'user_118', 96),
	(296, 'user_118', 97),
	(297, 'user_119', 98),
	(298, 'user_119', 99),
	(299, 'user_120', 100),
	(300, 'user_120', 101),
	(301, 'user_120', 102),
	(302, 'user_121', 103),
	(303, 'user_121', 104),
	(304, 'user_122', 105),
	(305, 'user_122', 106),
	(306, 'user_122', 107),
	(307, 'user_123', 108),
	(308, 'user_123', 109),
	(309, 'user_124', 110),
	(310, 'user_124', 111),
	(311, 'user_124', 112),
	(312, 'user_125', 113),
	(313, 'user_125', 114),
	(314, 'user_126', 115),
	(315, 'user_126', 116),
	(316, 'user_126', 117),
	(317, 'user_127', 118),
	(318, 'user_127', 119),
	(319, 'user_128', 120),
	(320, 'user_128', 121),
	(321, 'user_128', 122),
	(322, 'user_129', 123),
	(323, 'user_129', 124),
	(324, 'user_130', 125),
	(325, 'user_130', 126),
	(326, 'user_130', 127),
	(327, 'user_131', 128),
	(328, 'user_131', 129),
	(329, 'user_132', 130),
	(330, 'user_132', 131),
	(331, 'user_132', 132),
	(332, 'user_133', 133),
	(333, 'user_133', 134),
	(334, 'user_134', 135),
	(335, 'user_134', 136),
	(336, 'user_134', 137),
	(337, 'user_135', 138),
	(338, 'user_135', 139),
	(339, 'user_136', 140),
	(340, 'user_136', 141),
	(341, 'user_136', 142),
	(342, 'user_137', 143),
	(343, 'user_137', 144),
	(344, 'user_138', 145),
	(345, 'user_138', 146),
	(346, 'user_138', 147),
	(347, 'user_139', 148),
	(348, 'user_139', 149),
	(349, 'user_140', 150),
	(350, 'user_140', 151),
	(351, 'user_140', 152),
	(352, 'user_141', 153),
	(353, 'user_141', 154),
	(354, 'user_142', 155),
	(355, 'user_142', 156),
	(356, 'user_142', 157),
	(357, 'user_143', 158),
	(358, 'user_143', 159),
	(359, 'user_144', 160),
	(360, 'user_144', 161),
	(361, 'user_144', 162),
	(362, 'user_145', 163),
	(363, 'user_145', 164),
	(364, 'user_146', 165),
	(365, 'user_146', 166),
	(366, 'user_146', 167),
	(367, 'user_147', 168),
	(368, 'user_147', 169),
	(369, 'user_148', 170),
	(370, 'user_148', 171),
	(371, 'user_148', 172),
	(372, 'user_149', 173),
	(373, 'user_149', 174),
	(374, 'user_150', 175),
	(375, 'user_150', 176),
	(376, 'user_150', 177),
	(377, 'user_151', 178),
	(378, 'user_151', 179),
	(379, 'user_152', 180),
	(380, 'user_152', 181),
	(381, 'user_152', 182),
	(382, 'user_153', 183),
	(383, 'user_153', 184),
	(384, 'user_154', 185),
	(385, 'user_154', 186),
	(386, 'user_154', 187),
	(387, 'user_155', 188),
	(388, 'user_155', 189),
	(389, 'user_156', 190),
	(390, 'user_156', 191),
	(391, 'user_157', 192),
	(392, 'user_157', 193),
	(393, 'user_158', 194),
	(394, 'user_158', 195),
	(395, 'user_159', 196),
	(396, 'user_159', 197),
	(397, 'user_160', 198),
	(398, 'user_160', 199),
	(403, 'user_002', 130),
	(404, 'user_002', 148),
	(405, 'user_003', 165),
	(406, 'user_003', 93),
	(407, 'user_003', 180),
	(408, 'user_004', 188),
	(409, 'user_004', 119),
	(410, 'user_004', 41),
	(411, 'user_005', 169),
	(412, 'user_005', 186),
	(413, 'user_005', 115),
	(414, 'user_006', 24),
	(415, 'user_006', 114),
	(416, 'user_006', 150),
	(417, 'user_007', 57),
	(418, 'user_007', 165),
	(419, 'user_007', 93),
	(420, 'user_008', 180),
	(421, 'user_008', 91),
	(422, 'user_008', 55),
	(423, 'user_009', 93),
	(424, 'user_009', 180),
	(425, 'user_009', 37),
	(429, 'user_011', 180),
	(430, 'user_011', 91),
	(431, 'user_011', 55),
	(432, 'user_012', 111),
	(433, 'user_012', 129),
	(434, 'user_012', 147),
	(435, 'user_013', 112),
	(436, 'user_013', 130),
	(437, 'user_013', 148),
	(438, 'user_014', 130),
	(439, 'user_014', 148),
	(440, 'user_014', 166),
	(441, 'user_015', 121),
	(442, 'user_015', 86),
	(443, 'user_015', 50),
	(444, 'user_016', 182),
	(445, 'user_016', 192),
	(446, 'user_016', 174),
	(447, 'user_017', 129),
	(448, 'user_017', 147),
	(449, 'user_017', 165),
	(450, 'user_018', 93),
	(451, 'user_018', 180),
	(452, 'user_018', 37),
	(453, 'user_019', 129),
	(454, 'user_019', 147),
	(455, 'user_019', 165),
	(456, 'user_020', 190),
	(457, 'user_020', 172),
	(458, 'user_020', 101),
	(459, 'user_075', 50),
	(460, 'user_024', 26),
	(461, 'user_043', 143),
	(462, 'user_033', 126),
	(463, 'user_068', 11),
	(464, 'user_159', 122),
	(465, 'user_131', 47),
	(466, 'user_084', 65),
	(467, 'user_022', 175),
	(468, 'user_025', 192),
	(469, 'user_056', 121),
	(470, 'user_159', 48),
	(471, 'user_154', 23),
	(472, 'user_017', 144),
	(473, 'user_085', 56),
	(475, 'user_062', 76),
	(476, 'user_032', 76),
	(477, 'user_018', 76),
	(478, 'user_102', 76),
	(479, 'user_096', 76),
	(480, 'user_040', 76),
	(481, 'user_148', 76),
	(482, 'user_140', 76),
	(483, 'user_116', 76),
	(484, 'user_103', 76),
	(486, 'user_002', 2),
	(487, 'user_003', 2),
	(495, 'user_011', 5),
	(496, 'user_012', 5),
	(497, 'user_013', 5),
	(498, 'user_014', 5),
	(499, 'user_015', 5),
	(500, 'user_016', 6),
	(501, 'user_017', 6),
	(502, 'user_018', 6),
	(503, 'user_019', 6),
	(504, 'user_020', 6),
	(505, 'user_021', 6),
	(506, 'user_022', 7),
	(507, 'user_023', 7),
	(508, 'user_024', 7),
	(509, 'user_025', 7),
	(510, 'user_026', 7),
	(511, 'user_027', 7),
	(512, 'user_028', 7),
	(513, 'user_029', 8),
	(514, 'user_030', 8),
	(515, 'user_031', 8),
	(516, 'user_032', 8),
	(517, 'user_033', 8),
	(518, 'user_034', 8),
	(519, 'user_035', 8),
	(520, 'user_036', 8),
	(521, 'user_037', 9),
	(522, 'user_038', 9),
	(523, 'user_039', 9),
	(524, 'user_040', 9),
	(525, 'user_041', 9),
	(526, 'user_042', 9),
	(527, 'user_043', 9),
	(528, 'user_044', 9),
	(529, 'user_045', 9),
	(530, 'user_046', 10),
	(531, 'user_047', 10),
	(532, 'user_048', 10),
	(533, 'user_049', 10),
	(534, 'user_050', 10),
	(535, 'user_051', 10),
	(536, 'user_052', 10),
	(537, 'user_053', 10),
	(538, 'user_054', 10),
	(539, 'user_055', 10),
	(540, 'user_017', 112),
	(541, 'user_017', 34),
	(542, 'user_017', 31),
	(543, 'user_017', 55),
	(544, 'user_017', 180),
	(545, 'user_018', 150),
	(546, 'user_018', 137),
	(547, 'user_018', 35),
	(548, 'user_018', 162),
	(549, 'user_018', 106),
	(550, 'user_019', 98),
	(551, 'user_019', 161),
	(552, 'user_019', 113),
	(553, 'user_020', 58),
	(555, 'user_020', 77),
	(556, 'user_020', 34),
	(557, 'user_021', 187),
	(558, 'user_021', 125),
	(559, 'user_021', 64),
	(560, 'user_021', 142),
	(561, 'user_021', 122),
	(562, 'user_022', 151),
	(564, 'user_022', 164),
	(565, 'user_022', 13),
	(566, 'user_022', 168),
	(567, 'user_023', 118),
	(568, 'user_023', 178),
	(569, 'user_023', 135),
	(570, 'user_024', 107),
	(571, 'user_024', 106),
	(572, 'user_024', 10),
	(573, 'user_024', 131),
	(574, 'user_024', 25),
	(575, 'user_025', 189),
	(576, 'user_025', 147),
	(577, 'user_025', 168),
	(578, 'user_025', 199),
	(580, 'user_026', 49),
	(581, 'user_026', 50),
	(582, 'user_026', 99),
	(583, 'user_027', 40),
	(584, 'user_027', 157),
	(585, 'user_027', 69),
	(587, 'user_027', 140),
	(588, 'user_028', 51),
	(589, 'user_028', 170),
	(590, 'user_028', 99),
	(591, 'user_028', 184),
	(592, 'user_029', 172),
	(593, 'user_029', 185),
	(594, 'user_029', 10),
	(595, 'user_030', 28),
	(596, 'user_030', 63),
	(597, 'user_030', 35),
	(598, 'user_030', 182),
	(599, 'user_031', 89),
	(600, 'user_031', 23),
	(601, 'user_031', 47),
	(602, 'user_032', 85),
	(603, 'user_032', 129),
	(604, 'user_032', 193),
	(605, 'user_032', 177),
	(606, 'user_032', 106),
	(607, 'user_033', 86),
	(608, 'user_033', 25),
	(609, 'user_033', 67),
	(610, 'user_034', 104),
	(611, 'user_034', 139),
	(612, 'user_034', 181),
	(613, 'user_035', 101),
	(614, 'user_035', 41),
	(615, 'user_035', 98),
	(616, 'user_035', 169),
	(617, 'user_036', 45),
	(618, 'user_036', 173),
	(619, 'user_036', 134),
	(620, 'user_036', 148),
	(621, 'user_036', 141),
	(622, 'user_037', 75),
	(623, 'user_037', 196),
	(624, 'user_037', 158),
	(625, 'user_038', 134),
	(626, 'user_038', 67),
	(627, 'user_038', 130),
	(628, 'user_039', 68),
	(629, 'user_039', 184),
	(630, 'user_039', 119),
	(631, 'user_040', 46),
	(632, 'user_040', 108),
	(633, 'user_040', 2),
	(634, 'user_041', 25),
	(635, 'user_041', 66),
	(636, 'user_041', 53),
	(637, 'user_041', 67),
	(638, 'user_042', 86),
	(639, 'user_042', 97),
	(640, 'user_042', 29),
	(641, 'user_042', 50),
	(642, 'user_042', 162),
	(643, 'user_043', 25),
	(644, 'user_043', 138),
	(645, 'user_043', 16),
	(646, 'user_044', 78),
	(647, 'user_044', 192),
	(648, 'user_044', 128),
	(649, 'user_045', 147),
	(650, 'user_045', 134),
	(651, 'user_045', 31),
	(652, 'user_046', 66),
	(653, 'user_046', 73),
	(654, 'user_046', 167),
	(655, 'user_046', 21),
	(656, 'user_046', 198),
	(657, 'user_047', 57),
	(658, 'user_047', 93),
	(660, 'user_047', 187),
	(661, 'user_048', 123),
	(662, 'user_048', 46),
	(663, 'user_048', 60),
	(664, 'user_049', 27),
	(665, 'user_049', 49),
	(666, 'user_049', 163),
	(667, 'user_049', 70),
	(668, 'user_049', 59),
	(669, 'user_050', 57),
	(670, 'user_050', 23),
	(671, 'user_050', 143),
	(672, 'user_050', 47),
	(673, 'user_051', 77),
	(674, 'user_051', 173),
	(675, 'user_051', 39),
	(676, 'user_052', 45),
	(677, 'user_052', 7),
	(678, 'user_052', 100),
	(679, 'user_052', 80),
	(680, 'user_053', 63),
	(681, 'user_053', 11),
	(682, 'user_053', 67),
	(683, 'user_053', 103),
	(684, 'user_054', 50),
	(685, 'user_054', 116),
	(686, 'user_054', 31),
	(688, 'user_055', 11),
	(689, 'user_055', 81),
	(690, 'user_055', 175),
	(691, 'user_055', 31),
	(692, 'user_056', 58),
	(693, 'user_056', 197),
	(694, 'user_056', 17),
	(695, 'user_057', 191),
	(696, 'user_057', 95),
	(697, 'user_057', 99),
	(698, 'user_057', 9),
	(699, 'user_058', 111),
	(700, 'user_058', 112),
	(701, 'user_058', 30),
	(702, 'user_058', 12),
	(703, 'user_058', 167),
	(704, 'user_059', 111),
	(705, 'user_059', 145),
	(706, 'user_059', 194),
	(707, 'user_060', 108),
	(708, 'user_060', 125),
	(709, 'user_060', 102),
	(710, 'user_060', 132),
	(711, 'user_060', 157),
	(712, 'user_061', 68),
	(713, 'user_061', 175),
	(714, 'user_061', 76),
	(715, 'user_061', 52),
	(716, 'user_061', 31),
	(717, 'user_062', 95),
	(718, 'user_062', 82),
	(719, 'user_062', 126),
	(720, 'user_062', 184),
	(721, 'user_062', 144),
	(722, 'user_063', 7),
	(723, 'user_063', 129),
	(724, 'user_063', 27),
	(725, 'user_063', 146),
	(726, 'user_063', 49),
	(727, 'user_064', 83),
	(728, 'user_064', 198),
	(729, 'user_064', 145),
	(731, 'user_065', 30),
	(732, 'user_065', 141),
	(733, 'user_065', 17),
	(734, 'user_066', 43),
	(735, 'user_066', 41),
	(736, 'user_066', 72),
	(737, 'user_067', 185),
	(738, 'user_067', 6),
	(739, 'user_067', 74),
	(740, 'user_068', 129),
	(741, 'user_068', 194),
	(742, 'user_068', 184),
	(743, 'user_068', 141),
	(744, 'user_068', 150),
	(745, 'user_069', 188),
	(746, 'user_069', 157),
	(747, 'user_069', 22),
	(748, 'user_069', 37),
	(749, 'user_070', 82),
	(750, 'user_070', 56),
	(751, 'user_070', 34),
	(752, 'user_070', 1),
	(753, 'user_071', 99),
	(754, 'user_071', 196),
	(755, 'user_071', 85),
	(756, 'user_071', 37),
	(757, 'user_072', 126),
	(758, 'user_072', 51),
	(759, 'user_072', 73),
	(760, 'user_072', 15),
	(761, 'user_073', 27),
	(762, 'user_073', 170),
	(763, 'user_073', 172),
	(764, 'user_074', 38),
	(765, 'user_074', 135),
	(766, 'user_074', 164),
	(767, 'user_074', 14),
	(768, 'user_074', 177),
	(769, 'user_075', 93),
	(770, 'user_075', 131),
	(771, 'user_075', 174),
	(772, 'user_076', 71),
	(773, 'user_076', 118),
	(774, 'user_076', 178),
	(775, 'user_076', 139),
	(776, 'user_077', 177),
	(777, 'user_077', 10),
	(778, 'user_077', 115),
	(779, 'user_077', 149),
	(780, 'user_077', 1),
	(781, 'user_078', 178),
	(782, 'user_078', 22),
	(783, 'user_078', 171),
	(785, 'user_078', 64),
	(786, 'user_079', 70),
	(787, 'user_079', 152),
	(788, 'user_079', 151),
	(789, 'user_079', 100),
	(790, 'user_080', 129),
	(791, 'user_080', 107),
	(792, 'user_080', 149),
	(793, 'user_081', 71),
	(794, 'user_081', 85),
	(795, 'user_081', 11),
	(796, 'user_082', 156),
	(797, 'user_082', 187),
	(798, 'user_082', 68),
	(799, 'user_082', 180),
	(800, 'user_082', 95),
	(801, 'user_083', 189),
	(802, 'user_083', 142),
	(803, 'user_083', 141),
	(804, 'user_083', 83),
	(805, 'user_083', 188),
	(806, 'user_084', 108),
	(807, 'user_084', 56),
	(808, 'user_084', 155),
	(809, 'user_084', 9),
	(810, 'user_085', 62),
	(811, 'user_085', 177),
	(812, 'user_085', 102),
	(814, 'user_085', 178),
	(815, 'user_086', 80),
	(816, 'user_086', 110),
	(817, 'user_086', 111),
	(818, 'user_086', 26),
	(819, 'user_086', 192),
	(820, 'user_087', 52),
	(822, 'user_087', 58),
	(823, 'user_087', 83),
	(824, 'user_088', 142),
	(825, 'user_088', 195),
	(826, 'user_088', 151),
	(828, 'user_089', 102),
	(829, 'user_089', 100),
	(830, 'user_089', 196),
	(831, 'user_089', 79),
	(832, 'user_090', 190),
	(833, 'user_090', 138),
	(834, 'user_090', 119),
	(835, 'user_091', 147),
	(836, 'user_091', 192),
	(837, 'user_091', 119),
	(838, 'user_091', 21),
	(839, 'user_091', 146),
	(840, 'user_092', 112),
	(841, 'user_092', 149),
	(842, 'user_092', 8),
	(843, 'user_092', 193),
	(844, 'user_093', 134),
	(845, 'user_093', 44),
	(846, 'user_093', 14),
	(847, 'user_093', 138),
	(848, 'user_093', 48),
	(849, 'user_094', 190),
	(850, 'user_094', 72),
	(851, 'user_094', 188),
	(852, 'user_095', 74),
	(853, 'user_095', 186),
	(854, 'user_095', 109),
	(855, 'user_095', 187),
	(856, 'user_096', 87),
	(857, 'user_096', 6),
	(858, 'user_096', 166),
	(859, 'user_097', 170),
	(860, 'user_097', 11),
	(861, 'user_097', 143),
	(862, 'user_098', 190),
	(863, 'user_098', 100),
	(864, 'user_098', 127),
	(865, 'user_098', 135),
	(866, 'user_099', 64),
	(867, 'user_099', 38),
	(868, 'user_099', 199),
	(869, 'user_099', 82),
	(870, 'user_100', 8),
	(871, 'user_100', 7),
	(872, 'user_100', 11),
	(873, 'user_101', 129),
	(874, 'user_101', 148),
	(875, 'user_101', 155),
	(876, 'user_102', 184),
	(877, 'user_102', 132),
	(878, 'user_102', 106),
	(879, 'user_102', 137),
	(880, 'user_103', 11),
	(881, 'user_103', 159),
	(882, 'user_103', 167),
	(883, 'user_103', 158),
	(884, 'user_103', 90),
	(885, 'user_104', 198),
	(886, 'user_104', 71),
	(887, 'user_104', 160),
	(888, 'user_104', 189),
	(889, 'user_104', 66),
	(890, 'user_105', 1),
	(891, 'user_105', 123),
	(892, 'user_105', 13),
	(893, 'user_105', 96),
	(894, 'user_105', 43),
	(895, 'user_106', 99),
	(896, 'user_106', 118),
	(897, 'user_106', 96),
	(898, 'user_106', 122),
	(899, 'user_107', 50),
	(900, 'user_107', 80),
	(902, 'user_107', 12),
	(903, 'user_108', 95),
	(904, 'user_108', 156),
	(905, 'user_108', 99),
	(906, 'user_108', 25),
	(907, 'user_109', 50),
	(908, 'user_109', 175),
	(909, 'user_109', 128),
	(910, 'user_110', 180),
	(911, 'user_110', 163),
	(913, 'user_110', 84),
	(914, 'user_111', 125),
	(915, 'user_111', 40),
	(916, 'user_111', 21),
	(917, 'user_111', 187),
	(918, 'user_111', 73),
	(919, 'user_112', 198),
	(920, 'user_112', 182),
	(921, 'user_112', 116),
	(922, 'user_113', 17),
	(923, 'user_113', 182),
	(924, 'user_113', 64),
	(925, 'user_114', 73),
	(926, 'user_114', 47),
	(927, 'user_114', 14),
	(928, 'user_114', 130),
	(929, 'user_114', 9),
	(930, 'user_115', 28),
	(931, 'user_115', 186),
	(932, 'user_115', 49),
	(933, 'user_116', 84),
	(934, 'user_116', 162),
	(935, 'user_116', 157),
	(936, 'user_116', 102),
	(937, 'user_117', 79),
	(938, 'user_117', 82),
	(939, 'user_117', 172),
	(940, 'user_118', 172),
	(941, 'user_118', 6),
	(942, 'user_118', 114),
	(943, 'user_119', 15),
	(944, 'user_119', 21),
	(945, 'user_119', 60),
	(946, 'user_119', 35),
	(947, 'user_119', 195),
	(948, 'user_120', 179),
	(949, 'user_120', 78),
	(950, 'user_120', 51),
	(951, 'user_120', 21),
	(952, 'user_121', 85),
	(953, 'user_121', 175),
	(954, 'user_121', 23),
	(955, 'user_121', 188),
	(956, 'user_121', 74),
	(957, 'user_122', 1),
	(958, 'user_122', 188),
	(959, 'user_122', 140),
	(960, 'user_123', 67),
	(961, 'user_123', 122),
	(962, 'user_123', 12),
	(963, 'user_123', 89),
	(964, 'user_123', 9),
	(965, 'user_124', 69),
	(966, 'user_124', 8),
	(967, 'user_124', 29),
	(968, 'user_124', 124),
	(969, 'user_124', 133),
	(970, 'user_125', 62),
	(971, 'user_125', 33),
	(972, 'user_125', 177),
	(973, 'user_125', 188),
	(974, 'user_126', 88),
	(975, 'user_126', 7),
	(976, 'user_126', 167),
	(977, 'user_127', 199),
	(978, 'user_127', 134),
	(979, 'user_127', 75),
	(980, 'user_128', 33),
	(981, 'user_128', 51),
	(982, 'user_128', 152),
	(983, 'user_128', 13),
	(985, 'user_129', 75),
	(986, 'user_129', 46),
	(988, 'user_129', 81),
	(989, 'user_129', 192),
	(990, 'user_130', 17),
	(992, 'user_130', 179),
	(993, 'user_130', 120),
	(994, 'user_131', 143),
	(995, 'user_131', 135),
	(997, 'user_132', 190),
	(998, 'user_132', 77),
	(999, 'user_132', 11),
	(1000, 'user_133', 75),
	(1001, 'user_133', 110),
	(1002, 'user_133', 128),
	(1003, 'user_134', 154),
	(1004, 'user_134', 48),
	(1005, 'user_134', 175),
	(1006, 'user_134', 134),
	(1007, 'user_135', 118),
	(1008, 'user_135', 157),
	(1009, 'user_135', 32),
	(1010, 'user_135', 87),
	(1012, 'user_136', 148),
	(1013, 'user_136', 45),
	(1014, 'user_136', 178),
	(1015, 'user_137', 52),
	(1016, 'user_137', 187),
	(1017, 'user_137', 181),
	(1019, 'user_137', 178),
	(1020, 'user_138', 165),
	(1021, 'user_138', 46),
	(1022, 'user_138', 133),
	(1023, 'user_139', 42),
	(1024, 'user_139', 23),
	(1025, 'user_139', 186),
	(1026, 'user_139', 67),
	(1028, 'user_140', 53),
	(1029, 'user_140', 37),
	(1030, 'user_140', 24),
	(1031, 'user_140', 9),
	(1032, 'user_141', 30),
	(1033, 'user_141', 37),
	(1034, 'user_141', 94),
	(1035, 'user_141', 158),
	(1036, 'user_141', 108),
	(1037, 'user_142', 20),
	(1038, 'user_142', 91),
	(1039, 'user_142', 197),
	(1040, 'user_142', 112),
	(1041, 'user_143', 116),
	(1042, 'user_143', 68),
	(1043, 'user_143', 190),
	(1044, 'user_143', 148),
	(1045, 'user_143', 169),
	(1046, 'user_144', 107),
	(1047, 'user_144', 128),
	(1048, 'user_144', 118),
	(1049, 'user_145', 80),
	(1050, 'user_145', 179),
	(1051, 'user_145', 58),
	(1052, 'user_146', 178),
	(1053, 'user_146', 42),
	(1054, 'user_146', 71),
	(1055, 'user_146', 29),
	(1056, 'user_146', 134),
	(1057, 'user_147', 109),
	(1058, 'user_147', 197),
	(1059, 'user_147', 63),
	(1060, 'user_147', 121),
	(1061, 'user_147', 16),
	(1062, 'user_148', 127),
	(1063, 'user_148', 93),
	(1064, 'user_148', 81),
	(1066, 'user_149', 180),
	(1067, 'user_149', 127),
	(1068, 'user_149', 92),
	(1069, 'user_149', 80),
	(1070, 'user_149', 125),
	(1071, 'user_150', 141),
	(1072, 'user_150', 155),
	(1074, 'user_150', 111),
	(1075, 'user_150', 90),
	(1076, 'user_151', 113),
	(1077, 'user_151', 17),
	(1078, 'user_151', 143),
	(1079, 'user_151', 68),
	(1080, 'user_152', 139),
	(1081, 'user_152', 171),
	(1082, 'user_152', 39),
	(1083, 'user_152', 81),
	(1084, 'user_153', 199),
	(1085, 'user_153', 133),
	(1086, 'user_153', 66),
	(1087, 'user_153', 130),
	(1088, 'user_154', 83),
	(1089, 'user_154', 50),
	(1090, 'user_154', 2),
	(1091, 'user_155', 79),
	(1092, 'user_155', 24),
	(1093, 'user_155', 83),
	(1094, 'user_156', 73),
	(1095, 'user_156', 131),
	(1096, 'user_156', 38),
	(1097, 'user_156', 195),
	(1098, 'user_156', 66),
	(1099, 'user_157', 103),
	(1100, 'user_157', 97),
	(1101, 'user_157', 172),
	(1102, 'user_157', 174),
	(1103, 'user_157', 151),
	(1104, 'user_158', 121),
	(1105, 'user_158', 99),
	(1106, 'user_158', 131),
	(1107, 'user_159', 13),
	(1108, 'user_159', 177),
	(1109, 'user_159', 52),
	(1110, 'user_159', 127),
	(1111, 'user_159', 79),
	(1112, 'user_160', 35),
	(1113, 'user_160', 129),
	(1114, 'user_160', 143),
	(1235, 'user_010', 195),
	(1236, 'user_010', 177),
	(1241, 'user_001', 10),
	(1242, 'user_001', 76),
	(1243, 'user_001', 7),
	(1244, 'user_001', 8),
	(1245, 'user_001', 129),
	(1246, 'user_001', 180),
	(1248, 'user_001', 50),
	(1249, 'user_001', 11),
	(1250, 'user_001', 67),
	(1251, 'user_001', 134),
	(1252, 'user_001', 178),
	(1253, 'user_001', 99),
	(1259, 'user_001', 9);

-- 导出  表 IRMS.job 结构
CREATE TABLE IF NOT EXISTS `job` (
  `id` int NOT NULL AUTO_INCREMENT,
  `title` varchar(255) CHARACTER SET utf8mb4 COLLATE utf8mb4_0900_ai_ci DEFAULT NULL,
  `job_type` varchar(255) CHARACTER SET utf8mb4 COLLATE utf8mb4_0900_ai_ci DEFAULT NULL,
  `salary` varchar(255) CHARACTER SET utf8mb4 COLLATE utf8mb4_0900_ai_ci DEFAULT NULL,
  `company_name` char(50) CHARACTER SET utf8mb4 COLLATE utf8mb4_0900_ai_ci DEFAULT NULL,
  `full_location` varchar(255) CHARACTER SET utf8mb4 COLLATE utf8mb4_0900_ai_ci DEFAULT NULL,
  `company_size` varchar(255) CHARACTER SET utf8mb4 COLLATE utf8mb4_0900_ai_ci DEFAULT NULL,
  `experience` varchar(255) CHARACTER SET utf8mb4 COLLATE utf8mb4_0900_ai_ci DEFAULT NULL,
  `education` varchar(255) CHARACTER SET utf8mb4 COLLATE utf8mb4_0900_ai_ci DEFAULT NULL,
  `type` varchar(255) CHARACTER SET utf8mb4 COLLATE utf8mb4_0900_ai_ci DEFAULT NULL,
  `benefits` varchar(255) CHARACTER SET utf8mb4 COLLATE utf8mb4_0900_ai_ci DEFAULT NULL,
  `create_time` timestamp NULL DEFAULT NULL,
  PRIMARY KEY (`id`) USING BTREE,
  KEY `foreignkeyy` (`company_name`) USING BTREE,
  CONSTRAINT `foreignkeyy` FOREIGN KEY (`company_name`) REFERENCES `company` (`nickname`) ON DELETE CASCADE ON UPDATE CASCADE
) ENGINE=InnoDB AUTO_INCREMENT=202 DEFAULT CHARSET=utf8mb4 COLLATE=utf8mb4_0900_ai_ci ROW_FORMAT=DYNAMIC;

-- 正在导出表  IRMS.job 的数据：~199 rows (大约)
DELETE FROM `job`;
INSERT INTO `job` (`id`, `title`, `job_type`, `salary`, `company_name`, `full_location`, `company_size`, `experience`, `education`, `type`, `benefits`, `create_time`) VALUES
	(1, 'Java开发工程师', '技术', '18K-30K', '星辰科技有限公司', '北京市 朝阳区', '中型', '3年以上', '本科及以上', '全职', '五险一金, 年终奖', '2025-07-15 16:01:00'),
	(2, '前端开发工程师', '技术', '16K-28K', '星辰科技有限公司', '北京市 朝阳区', '中型', '2年以上', '本科及以上', '全职', '五险一金, 弹性工作', '2025-07-15 16:02:00'),
	(5, '金融分析师', '金融', '20K-35K', '诚信金融服务有限公司', '深圳市 南山区', '大型', '3年以上', '本科及以上', '全职', '五险一金, 绩效奖金', '2025-07-15 16:05:00'),
	(6, '风险管理专员', '金融', '15K-25K', '诚信金融服务有限公司', '深圳市 南山区', '大型', '2年以上', '本科及以上', '全职', '五险一金, 补充医疗', '2025-07-15 16:06:00'),
	(7, '教育产品经理', '教育，销售', '17K-30K', '知学教育科技有限公司', '广州市 天河区', '中型', '3年以上', '本科及以上', '全职', '五险一金, 培训机会', '2025-07-15 16:07:00'),
	(8, '课程设计师', '教育', '12K-20K', '知学教育科技有限公司', '广州市 天河区', '中型', '2年以上', '本科及以上', '全职', '五险一金, 弹性工作', '2025-07-15 16:08:00'),
	(9, '医疗设备工程师', '医疗', '18K-30K', '康泰医疗科技有限公司', '杭州市 西湖区', '中型', '3年以上', '本科及以上', '全职', '五险一金, 带薪年假', '2025-07-15 16:09:00'),
	(10, '临床研究员', '医疗', '20K-35K', '康泰医疗科技有限公司', '杭州市 西湖区', '中型', '2年以上', '硕士及以上', '全职', '五险一金, 绩效奖金', '2025-07-15 16:10:00'),
	(11, '电商运营', '电商，销售', '12K-22K', '优品电子商务有限公司', '南京市 玄武区', '大型', '2年以上', '本科及以上', '全职', '五险一金, 销售提成', '2025-07-15 16:11:00'),
	(12, '供应链管理', '电商', '15K-25K', '优品电子商务有限公司', '南京市 玄武区', '大型', '3年以上', '本科及以上', '全职', '五险一金, 年终奖', '2025-07-15 16:12:00'),
	(13, '游戏策划', '游戏，开发', '16K-28K', '欢乐游戏开发有限公司', '成都市 高新区', '中型', '2年以上', '本科及以上', '全职', '五险一金, 弹性工作', '2025-07-15 16:13:00'),
	(14, '3D美术设计师', '游戏', '15K-25K', '欢乐游戏开发有限公司', '成都市 高新区', '中型', '2年以上', '本科及以上', '全职', '五险一金, 项目奖金', '2025-07-15 16:14:00'),
	(15, '物流规划师', '物流', '14K-24K', '迅达物流运输有限公司', '武汉市 武昌区', '大型', '3年以上', '本科及以上', '全职', '五险一金, 交通补贴', '2025-07-15 16:15:00'),
	(16, '仓储管理', '物流', '10K-18K', '迅达物流运输有限公司', '武汉市 武昌区', '大型', '2年以上', '大专及以上', '全职', '五险一金, 绩效奖金', '2025-07-15 16:16:00'),
	(17, '房地产销售', '房地产，销售', '8K-15K+提成', '宜居房地产开发有限公司', '重庆市 渝北区', '大型', '1年以上', '大专及以上', '全职', '五险一金, 高提成', '2025-07-15 16:17:00'),
	(18, '建筑设计师', '房地产', '18K-32K', '宜居房地产开发有限公司', '重庆市 渝北区', '大型', '3年以上', '本科及以上', '全职', '五险一金, 年终奖', '2025-07-15 16:18:00'),
	(19, '新能源工程师', '能源', '20K-35K', '绿能新能源科技有限公司', '西安市 碑林区', '中型', '3年以上', '硕士及以上', '全职', '五险一金, 股票期权', '2025-07-15 16:19:00'),
	(20, '光伏技术员', '能源', '12K-20K', '绿能新能源科技有限公司', '西安市 碑林区', '中型', '1年以上', '大专及以上', '全职', '五险一金, 住宿补贴', '2025-07-15 16:20:00'),
	(21, '嵌入式开发工程师', '技术，开发', '18K-30K', '创新科技有限公司', '苏州市 姑苏区', '中型', '3年以上', '本科及以上', '全职', '五险一金, 弹性工作', '2025-07-15 16:21:00'),
	(22, '硬件测试工程师', '技术，开发', '14K-24K', '创新科技有限公司', '苏州市 姑苏区', '中型', '2年以上', '本科及以上', '全职', '五险一金, 带薪年假', '2025-07-15 16:22:00'),
	(23, '投资顾问', '市场', '15K-25K+提成', '财富金融有限公司', '天津市 和平区', '中型', '2年以上', '本科及以上', '全职', '五险一金, 高提成', '2025-07-15 16:23:00'),
	(24, '财务分析师', '金融', '15K-25K', '财富金融有限公司', '天津市 和平区', '中型', '3年以上', '本科及以上', '全职', '五险一金, 绩效奖金', '2025-07-15 16:24:00'),
	(25, '教研主管', '教育', '16K-26K', '博学教育集团', '长沙市 岳麓区', '大型', '3年以上', '硕士及以上', '全职', '五险一金, 培训机会', '2025-07-15 16:25:00'),
	(26, '在线辅导老师', '教育，销售', '10K-18K', '博学教育集团', '长沙市 岳麓区', '大型', '1年以上', '本科及以上', '兼职', '绩效奖金, 灵活时间', '2025-07-15 16:26:00'),
	(27, '医疗器械销售', '医疗', '12K-22K+提成', '明德医疗集团', '沈阳市 沈河区', '大型', '2年以上', '大专及以上', '全职', '五险一金, 高提成', '2025-07-15 16:27:00'),
	(28, '护士长', '医疗', '14K-24K', '明德医疗集团', '沈阳市 沈河区', '大型', '5年以上', '大专及以上', '全职', '五险一金, 带薪年假', '2025-07-15 16:28:00'),
	(29, '跨境电商运营', '电商', '13K-23K', '易购电子商务有限公司', '大连市 沙河口区', '中型', '2年以上', '本科及以上', '全职', '五险一金, 绩效奖金', '2025-07-15 16:29:00'),
	(30, '国际物流专员', '电商', '11K-19K', '易购电子商务有限公司', '大连市 沙河口区', '中型', '1年以上', '本科及以上', '全职', '五险一金, 交通补贴', '2025-07-15 16:30:00'),
	(31, '游戏测试工程师', '游戏，开发', '15K-25K', '星际游戏有限公司', '济南市 历下区', '中型', '2年以上', '本科及以上', '全职', '五险一金, 项目奖金', '2025-07-15 16:31:00'),
	(32, 'UI设计师', '游戏', '13K-23K', '星际游戏有限公司', '济南市 历下区', '中型', '3年以上', '本科及以上', '全职', '五险一金, 弹性工作', '2025-07-15 16:32:00'),
	(33, '物流调度', '物流', '10K-18K', '速达物流有限公司', '福州市 鼓楼区', '大型', '2年以上', '大专及以上', '全职', '五险一金, 绩效奖金', '2025-07-15 16:33:00'),
	(34, '运输主管', '物流', '12K-20K', '速达物流有限公司', '福州市 鼓楼区', '大型', '3年以上', '本科及以上', '全职', '五险一金, 带薪年假', '2025-07-15 16:34:00'),
	(35, '土建工程师', '房地产', '16K-28K', '城市建设房地产有限公司', '厦门市 思明区', '大型', '3年以上', '本科及以上', '全职', '五险一金, 年终奖', '2025-07-15 16:35:00'),
	(36, '造价工程师', '房地产', '15K-25K', '城市建设房地产有限公司', '厦门市 思明区', '大型', '3年以上', '本科及以上', '全职', '五险一金, 项目奖金', '2025-07-15 16:36:00'),
	(37, '光伏系统工程师', '能源', '18K-30K', '阳光能源科技有限公司', '南宁市 青秀区', '中型', '3年以上', '本科及以上', '全职', '五险一金, 股票期权', '2025-07-15 16:37:00'),
	(38, '电气工程师', '能源', '16K-26K', '阳光能源科技有限公司', '南宁市 青秀区', '中型', '2年以上', '本科及以上', '全职', '五险一金, 带薪年假', '2025-07-15 16:38:00'),
	(39, 'AI算法工程师', '技术', '25K-40K', '智能科技有限公司', '昆明市 五华区', '中型', '3年以上', '硕士及以上', '全职', '五险一金, 弹性工作', '2025-07-15 16:39:00'),
	(40, '产品经理', '技术', '18K-32K', '智能科技有限公司', '昆明市 五华区', '中型', '3年以上', '本科及以上', '全职', '五险一金, 年终奖', '2025-07-15 16:40:00'),
	(41, '信贷经理', '市场', '15K-25K+提成', '鑫融金融服务有限公司', '贵阳市 观山湖区', '中型', '2年以上', '本科及以上', '全职', '五险一金, 高提成', '2025-07-15 16:41:00'),
	(42, '风控专员', '金融', '14K-24K', '鑫融金融服务有限公司', '贵阳市 观山湖区', '中型', '2年以上', '本科及以上', '全职', '五险一金, 绩效奖金', '2025-07-15 16:42:00'),
	(43, '在线教育顾问', '教育', '10K-18K', '智慧教育科技有限公司', '太原市 小店区', '中型', '1年以上', '本科及以上', '全职', '五险一金, 绩效奖金', '2025-07-15 16:43:00'),
	(44, '课程开发专家', '教育', '16K-26K', '智慧教育科技有限公司', '太原市 小店区', '中型', '3年以上', '硕士及以上', '全职', '五险一金, 培训机会', '2025-07-15 16:44:00'),
	(45, '医学影像工程师', '医疗', '19K-32K', '仁和医疗科技有限公司', '石家庄市 裕华区', '中型', '3年以上', '本科及以上', '全职', '五险一金, 带薪年假', '2025-07-15 16:45:00'),
	(46, '临床培训师', '医疗', '15K-25K', '仁和医疗科技有限公司', '石家庄市 裕华区', '中型', '2年以上', '本科及以上', '全职', '五险一金, 出差补贴', '2025-07-15 16:46:00'),
	(47, '电商美工', '电商', '12K-20K', '乐购电子商务有限公司', '长春市 朝阳区', '中型', '2年以上', '大专及以上', '全职', '五险一金, 绩效奖金', '2025-07-15 16:47:00'),
	(48, '客户服务专员', '电商', '8K-14K', '乐购电子商务有限公司', '长春市 朝阳区', '中型', '1年以上', '大专及以上', '全职', '五险一金, 带薪培训', '2025-07-15 16:48:00'),
	(49, '游戏策划', '游戏', '16K-28K', '幻想游戏开发有限公司', '哈尔滨市 南岗区', '小型', '2年以上', '本科及以上', '全职', '五险一金, 弹性工作', '2025-07-15 16:49:00'),
	(50, '3D建模师', '游戏', '15K-25K', '幻想游戏开发有限公司', '哈尔滨市 南岗区', '小型', '2年以上', '本科及以上', '全职', '五险一金, 项目奖金', '2025-07-15 16:50:00'),
	(51, '物流运营', '物流', '11K-19K', '安捷物流有限公司', '兰州市 城关区', '中型', '2年以上', '大专及以上', '全职', '五险一金, 绩效奖金', '2025-07-15 16:51:00'),
	(52, '仓储主管', '物流', '13K-23K', '安捷物流有限公司', '兰州市 城关区', '中型', '3年以上', '大专及以上', '全职', '五险一金, 带薪年假', '2025-07-15 16:52:00'),
	(53, '建筑设计总监', '房地产', '25K-40K', '恒基房地产开发有限公司', '西宁市 城西区', '大型', '5年以上', '本科及以上', '全职', '五险一金, 年终奖', '2025-07-15 16:53:00'),
	(54, '工程监理', '房地产', '14K-24K', '恒基房地产开发有限公司', '西宁市 城西区', '大型', '3年以上', '大专及以上', '全职', '五险一金, 项目奖金', '2025-07-15 16:54:00'),
	(55, '风电工程师', '能源', '18K-30K', '蓝天新能源有限公司', '银川市 金凤区', '中型', '3年以上', '本科及以上', '全职', '五险一金, 带薪年假', '2025-07-15 16:55:00'),
	(56, '电气设计', '能源', '16K-26K', '蓝天新能源有限公司', '银川市 金凤区', '中型', '2年以上', '本科及以上', '全职', '五险一金, 绩效奖金', '2025-07-15 16:56:00'),
	(57, '量子计算研究员', '开发', '30K-50K', '量子科技有限公司', '海口市 龙华区', '小型', '博士学历', '博士及以上', '全职', '五险一金, 科研经费', '2025-07-15 16:57:00'),
	(58, '算法工程师', '技术', '25K-40K', '量子科技有限公司', '海口市 龙华区', '小型', '3年以上', '硕士及以上', '全职', '五险一金, 弹性工作', '2025-07-15 16:58:00'),
	(59, '投资银行家', '金融', '30K-50K+奖金', '瑞信金融集团', '北京市 海淀区', '大型', '5年以上', '硕士及以上', '全职', '五险一金, 高奖金', '2025-07-15 16:59:00'),
	(60, '财务顾问', '金融', '20K-35K', '瑞信金融集团', '北京市 海淀区', '大型', '3年以上', '本科及以上', '全职', '五险一金, 绩效奖金', '2025-07-15 17:00:00'),
	(61, '留学顾问', '教育', '12K-22K+提成', '启航教育科技有限公司', '上海市 浦东新区', '中型', '2年以上', '本科及以上', '全职', '五险一金, 高提成', '2025-07-15 17:01:00'),
	(62, '语言培训师', '教育', '10K-18K', '启航教育科技有限公司', '上海市 浦东新区', '中型', '1年以上', '本科及以上', '兼职', '绩效奖金, 灵活时间', '2025-07-15 17:02:00'),
	(63, '医药代表', '市场', '12K-22K+提成', '康美医疗科技有限公司', '广州市 天河区', '中型', '2年以上', '大专及以上', '全职', '五险一金, 高提成', '2025-07-15 17:03:00'),
	(64, '药品研发', '医疗', '20K-35K', '康美医疗科技有限公司', '广州市 天河区', '中型', '3年以上', '硕士及以上', '全职', '五险一金, 科研经费', '2025-07-15 17:04:00'),
	(65, '跨境电商运营', '电商', '13K-23K', '优享电子商务有限公司', '深圳市 南山区', '小型', '2年以上', '本科及以上', '全职', '五险一金, 绩效奖金', '2025-07-15 17:05:00'),
	(66, '海外市场专员', '电商', '13K-23K', '优享电子商务有限公司', '深圳市 南山区', '小型', '2年以上', '本科及以上', '全职', '五险一金, 出差补贴', '2025-07-15 17:06:00'),
	(67, '游戏开发工程师', '技术', '22K-38K', '极光游戏有限公司', '杭州市 西湖区', '中型', '3年以上', '本科及以上', '全职', '五险一金, 项目奖金', '2025-07-15 17:07:00'),
	(68, '游戏测试员', '技术', '10K-18K', '极光游戏有限公司', '杭州市 西湖区', '中型', '1年以上', '大专及以上', '全职', '五险一金, 带薪培训', '2025-07-15 17:08:00'),
	(69, '物流规划', '物流', '14K-24K', '德邦物流有限公司', '南京市 玄武区', '大型', '3年以上', '本科及以上', '全职', '五险一金, 绩效奖金', '2025-07-15 17:09:00'),
	(70, '仓储管理', '物流', '10K-18K', '德邦物流有限公司', '南京市 玄武区', '大型', '2年以上', '大专及以上', '全职', '五险一金, 带薪年假', '2025-07-15 17:10:00'),
	(71, '房地产策划', '房地产', '15K-25K', '融创房地产集团', '武汉市 武昌区', '大型', '3年以上', '本科及以上', '全职', '五险一金, 年终奖', '2025-07-15 17:11:00'),
	(72, '销售经理', '房地产，销售', '20K-35K+提成', '融创房地产集团', '武汉市 武昌区', '大型', '5年以上', '大专及以上', '全职', '五险一金, 高提成', '2025-07-15 17:12:00'),
	(73, '新能源研究员', '能源', '22K-38K', '华能新能源有限公司', '成都市 高新区', '大型', '3年以上', '硕士及以上', '全职', '五险一金, 科研经费', '2025-07-15 17:13:00'),
	(74, '光伏工程师', '能源', '18K-30K', '华能新能源有限公司', '成都市 高新区', '大型', '2年以上', '本科及以上', '全职', '五险一金, 带薪年假', '2025-07-15 17:14:00'),
	(75, '云计算工程师', '技术', '20K-35K', '云智科技有限公司', '重庆市 渝北区', '中型', '3年以上', '本科及以上', '全职', '五险一金, 弹性工作', '2025-07-15 17:15:00'),
	(76, 'DevOps工程师', '技术', '18K-30K', '云智科技有限公司', '重庆市 渝北区', '中型', '2年以上', '本科及以上', '全职', '五险一金, 带薪培训', '2025-07-15 17:16:00'),
	(77, '私人银行家', '金融', '25K-40K+奖金', '中信金融服务有限公司', '天津市 和平区', '大型', '5年以上', '本科及以上', '全职', '五险一金, 高奖金', '2025-07-15 17:17:00'),
	(78, '理财顾问', '金融', '15K-25K', '中信金融服务有限公司', '天津市 河西区', '大型', '3年以上', '本科及以上', '全职', '五险一金, 绩效奖金', '2025-07-15 17:18:00'),
	(79, '英语教师', '教育', '10K-18K', '新东方教育科技集团', '长沙市 雨花区', '大型', '2年以上', '本科及以上', '全职', '五险一金, 培训机会', '2025-07-15 17:19:00'),
	(80, '课程顾问', '教育，销售', '8K-15K+提成', '新东方教育科技集团', '长沙市 岳麓区', '大型', '1年以上', '大专及以上', '全职', '五险一金, 高提成', '2025-07-15 17:20:00'),
	(81, '医疗设备维修', '医疗', '12K-20K', '华润医疗集团', '沈阳市 铁西区', '大型', '3年以上', '大专及以上', '全职', '五险一金, 带薪年假', '2025-07-15 17:21:00'),
	(82, '医院管理', '医疗', '15K-25K', '华润医疗集团', '沈阳市 浑南区', '大型', '3年以上', '本科及以上', '全职', '五险一金, 绩效奖金', '2025-07-15 17:22:00'),
	(83, '电商运营', '电商', '12K-22K', '京东电子商务有限公司', '大连市 甘井子区', '大型', '2年以上', '本科及以上', '全职', '五险一金, 绩效奖金', '2025-07-15 17:23:00'),
	(84, '仓储管理', '电商', '10K-18K', '京东电子商务有限公司', '大连市 中山区', '大型', '2年以上', '大专及以上', '全职', '五险一金, 带薪年假', '2025-07-15 17:24:00'),
	(85, '游戏策划', '游戏', '16K-28K', '网易游戏有限公司', '济南市 历城区', '大型', '3年以上', '本科及以上', '全职', '五险一金, 弹性工作', '2025-07-15 17:25:00'),
	(86, '3D美术设计师', '游戏', '15K-25K', '网易游戏有限公司', '济南市 市中区', '大型', '2年以上', '本科及以上', '全职', '五险一金, 项目奖金', '2025-07-15 17:26:00'),
	(87, '快递员', '物流', '8K-15K+提成', '顺丰速运有限公司', '福州市 鼓楼区', '大型', '1年以上', '高中及以上', '全职', '五险一金, 高提成', '2025-07-15 17:27:00'),
	(88, '物流规划', '物流', '14K-24K', '顺丰速运有限公司', '福州市 仓山区', '大型', '3年以上', '本科及以上', '全职', '五险一金, 绩效奖金', '2025-07-15 17:28:00'),
	(89, '建筑设计', '房地产', '18K-32K', '万科房地产有限公司', '厦门市 思明区', '大型', '3年以上', '本科及以上', '全职', '五险一金, 年终奖', '2025-07-15 17:29:00'),
	(90, '销售代表', '房地产', '10K-20K+提成', '万科房地产有限公司', '厦门市 湖里区', '大型', '2年以上', '大专及以上', '全职', '五险一金, 高提成', '2025-07-15 17:30:00'),
	(91, '电力工程师', '能源', '18K-30K', '国家能源集团', '南宁市 青秀区', '大型', '3年以上', '本科及以上', '全职', '五险一金, 带薪年假', '2025-07-15 17:31:00'),
	(92, '新能源研究员', '能源', '22K-38K', '国家能源集团', '南宁市 青秀区', '大型', '3年以上', '硕士及以上', '全职', '五险一金, 科研经费', '2025-07-15 17:32:00'),
	(93, '通信工程师', '开发', '20K-35K', '华为技术有限公司', '昆明市 官渡区', '大型', '3年以上', '本科及以上', '全职', '五险一金, 年终奖', '2025-07-15 17:33:00'),
	(94, '软件开发', '开发', '18K-32K', '华为技术有限公司', '昆明市 五华区', '大型', '2年以上', '本科及以上', '全职', '五险一金, 带薪培训', '2025-07-15 17:34:00'),
	(95, '银行柜员', '金融', '8K-15K', '招商银行', '贵阳市 南明区', '大型', '1年以上', '本科及以上', '全职', '五险一金, 绩效奖金', '2025-07-15 17:35:00'),
	(96, '理财经理', '金融', '15K-25K+提成', '招商银行', '贵阳市 云岩区', '大型', '3年以上', '本科及以上', '全职', '五险一金, 高提成', '2025-07-15 17:36:00'),
	(97, '数学教师', '教育', '10K-18K', '好未来教育集团', '太原市 小店区', '大型', '2年以上', '本科及以上', '全职', '五险一金, 培训机会', '2025-07-15 17:37:00'),
	(98, '课程研发', '教育', '15K-25K', '好未来教育集团', '太原市 迎泽区', '大型', '3年以上', '硕士及以上', '全职', '五险一金, 弹性工作', '2025-07-15 17:38:00'),
	(99, '医药研发', '医疗', '22K-38K', '复星医疗集团', '石家庄市 裕华区', '大型', '3年以上', '博士及以上', '全职', '五险一金, 科研经费', '2025-07-15 17:39:00'),
	(100, '临床监查员', '医疗', '15K-25K', '复星医疗集团', '石家庄市 裕华区', '大型', '2年以上', '本科及以上', '全职', '五险一金, 出差补贴', '2025-07-15 17:40:00'),
	(101, '电商运营', '电商', '12K-22K', '拼多多电子商务有限公司', '长春市 朝阳区', '大型', '2年以上', '本科及以上', '全职', '五险一金, 绩效奖金', '2025-07-15 17:41:00'),
	(102, '数据分析师', '电商', '18K-30K', '拼多多电子商务有限公司', '长春市 朝阳区', '大型', '3年以上', '本科及以上', '全职', '五险一金, 年终奖', '2025-07-15 17:42:00'),
	(103, '游戏开发', '技术', '22K-38K', '腾讯游戏有限公司', '哈尔滨市 南岗区', '大型', '3年以上', '本科及以上', '全职', '五险一金, 项目奖金', '2025-07-15 17:43:00'),
	(104, '游戏策划', '技术', '18K-32K', '腾讯游戏有限公司', '哈尔滨市 南岗区', '大型', '3年以上', '本科及以上', '全职', '五险一金, 弹性工作', '2025-07-15 17:44:00'),
	(105, '快递分拣', '物流', '8K-14K', '圆通速递有限公司', '兰州市 城关区', '大型', '1年以上', '高中及以上', '全职', '五险一金, 绩效奖金', '2025-07-15 17:45:00'),
	(106, '物流管理', '物流', '12K-20K', '圆通速递有限公司', '兰州市 城关区', '大型', '3年以上', '大专及以上', '全职', '五险一金, 带薪年假', '2025-07-15 17:46:00'),
	(107, '房地产销售', '房地产', '10K-20K+提成', '保利房地产集团', '西宁市 城西区', '大型', '2年以上', '大专及以上', '全职', '五险一金, 高提成', '2025-07-15 17:47:00'),
	(108, '建筑设计', '房地产', '18K-32K', '保利房地产集团', '西宁市 城西区', '大型', '3年以上', '本科及以上', '全职', '五险一金, 年终奖', '2025-07-15 17:48:00'),
	(109, '石油工程师', '能源', '20K-35K', '中国石油天然气集团', '银川市 金凤区', '大型', '3年以上', '本科及以上', '全职', '五险一金, 带薪年假', '2025-07-15 17:49:00'),
	(110, '地质勘探', '能源', '18K-30K', '中国石油天然气集团', '银川市 金凤区', '大型', '3年以上', '本科及以上', '全职', '五险一金, 野外补贴', '2025-07-15 17:50:00'),
	(111, 'Java开发', '技术', '18K-32K', '阿里巴巴技术有限公司', '海口市 龙华区', '大型', '3年以上', '本科及以上', '全职', '五险一金, 年终奖', '2025-07-15 17:51:00'),
	(112, '产品经理', '技术', '20K-35K', '阿里巴巴技术有限公司', '海口市 龙华区', '大型', '3年以上', '本科及以上', '全职', '五险一金, 股票期权', '2025-07-15 17:52:00'),
	(113, '银行柜员', '金融', '8K-15K', '中国建设银行', '北京市 海淀区', '大型', '1年以上', '本科及以上', '全职', '五险一金, 绩效奖金', '2025-07-15 17:53:00'),
	(114, '信贷经理', '金融', '15K-25K+提成', '中国建设银行', '北京市 海淀区', '大型', '3年以上', '本科及以上', '全职', '五险一金, 高提成', '2025-07-15 17:54:00'),
	(115, '在线辅导老师', '教育', '10K-18K', '猿辅导教育科技有限公司', '上海市 浦东新区', '大型', '1年以上', '本科及以上', '兼职', '绩效奖金, 灵活时间', '2025-07-15 17:55:00'),
	(116, '课程研发', '教育', '16K-26K', '猿辅导教育科技有限公司', '上海市 浦东新区', '大型', '3年以上', '硕士及以上', '全职', '五险一金, 弹性工作', '2025-07-15 17:56:00'),
	(117, '医药研发', '医疗', '22K-38K', '药明康德医疗科技有限公司', '广州市 黄埔区', '大型', '3年以上', '博士及以上', '全职', '五险一金, 科研经费', '2025-07-15 17:57:00'),
	(118, '实验室技术员', '医疗', '12K-20K', '药明康德医疗科技有限公司', '广州市 天河区', '大型', '1年以上', '本科及以上', '全职', '五险一金, 带薪培训', '2025-07-15 17:58:00'),
	(119, '家电销售', '市场', '10K-20K+提成', '苏宁易购电子商务有限公司', '深圳市 南山区', '大型', '2年以上', '大专及以上', '全职', '五险一金, 高提成', '2025-07-15 17:59:00'),
	(120, '仓储管理', '电商', '10K-18K', '苏宁易购电子商务有限公司', '深圳市 南山区', '大型', '2年以上', '大专及以上', '全职', '五险一金, 带薪年假', '2025-07-15 18:00:00'),
	(121, '游戏原画师', '游戏', '15K-25K', '米哈游科技（上海）有限公司', '杭州市 浦东新区', '中型', '3年以上', '本科及以上', '全职', '五险一金, 项目奖金', '2025-07-15 18:01:00'),
	(122, '游戏策划', '技术', '18K-32K', '米哈游科技（上海）有限公司', '杭州市 徐汇区', '中型', '3年以上', '本科及以上', '全职', '五险一金, 弹性工作', '2025-07-15 18:02:00'),
	(123, '快递员', '物流', '8K-15K+提成', '中通快递股份有限公司', '南京市 玄武区', '大型', '1年以上', '高中及以上', '全职', '五险一金, 高提成', '2025-07-15 18:03:00'),
	(124, '物流规划', '物流', '14K-24K', '中通快递股份有限公司', '南京市 玄武区', '大型', '3年以上', '本科及以上', '全职', '五险一金, 绩效奖金', '2025-07-15 18:04:00'),
	(125, '房地产销售', '房地产', '10K-20K+提成', '龙湖集团控股有限公司', '武汉市 武昌区', '大型', '2年以上', '大专及以上', '全职', '五险一金, 高提成', '2025-07-15 18:05:00'),
	(126, '建筑设计', '房地产', '18K-32K', '龙湖集团控股有限公司', '武汉市 武昌区', '大型', '3年以上', '本科及以上', '全职', '五险一金, 年终奖', '2025-07-15 18:06:00'),
	(127, '化工工程师', '能源', '18K-30K', '中国石化集团', '成都市 高新区', '大型', '3年以上', '本科及以上', '全职', '五险一金, 带薪年假', '2025-07-15 18:07:00'),
	(128, '石油勘探', '能源', '20K-35K', '中国石化集团', '成都市 高新区', '大型', '3年以上', '本科及以上', '全职', '五险一金, 野外补贴', '2025-07-15 18:08:00'),
	(129, 'AI算法工程师', '技术', '25K-45K', '百度在线网络技术有限公司', '重庆市 渝北区', '大型', '3年以上', '硕士及以上', '全职', '五险一金, 股票期权', '2025-07-15 18:09:00'),
	(130, '大数据开发', '技术', '20K-35K', '百度在线网络技术有限公司', '重庆市 渝北区', '大型', '3年以上', '本科及以上', '全职', '五险一金, 年终奖', '2025-07-15 18:10:00'),
	(131, '银行柜员', '金融', '8K-15K', '中国工商银行', '天津市 和平区', '大型', '1年以上', '本科及以上', '全职', '五险一金, 绩效奖金', '2025-07-15 18:11:00'),
	(132, '理财经理', '金融', '15K-25K+提成', '中国工商银行', '天津市 和平区', '大型', '3年以上', '本科及以上', '全职', '五险一金, 高提成', '2025-07-15 18:12:00'),
	(133, '在线辅导老师', '教育', '10K-18K', '作业帮教育科技有限公司', '长沙市 芙蓉区', '大型', '1年以上', '本科及以上', '兼职', '绩效奖金, 灵活时间', '2025-07-15 18:13:00'),
	(134, '课程研发', '教育', '16K-26K', '作业帮教育科技有限公司', '长沙市 开福区', '大型', '3年以上', '硕士及以上', '全职', '五险一金, 弹性工作', '2025-07-15 18:14:00'),
	(135, '医药代表', '市场', '12K-22K+提成', '恒瑞医药股份有限公司', '沈阳市 沈河区', '大型', '2年以上', '大专及以上', '全职', '五险一金, 高提成', '2025-07-15 18:15:00'),
	(136, '药品研发', '医疗', '22K-38K', '恒瑞医药股份有限公司', '沈阳市 皇姑区', '大型', '3年以上', '博士及以上', '全职', '五险一金, 科研经费', '2025-07-15 18:16:00'),
	(137, '电商运营', '电商', '12K-22K', '唯品会电子商务有限公司', '大连市 沙河口区', '大型', '2年以上', '本科及以上', '全职', '五险一金, 绩效奖金', '2025-07-15 18:17:00'),
	(138, '数据分析师', '电商', '18K-30K', '唯品会电子商务有限公司', '大连市 沙河口区', '大型', '3年以上', '本科及以上', '全职', '五险一金, 年终奖', '2025-07-15 18:18:00'),
	(139, '游戏开发', '游戏', '22K-38K', '莉莉丝游戏有限公司', '济南市 历下区', '中型', '3年以上', '本科及以上', '全职', '五险一金, 项目奖金', '2025-07-15 18:19:00'),
	(140, '游戏策划', '游戏', '18K-32K', '莉莉丝游戏有限公司', '济南市 历下区', '中型', '3年以上', '本科及以上', '全职', '五险一金, 弹性工作', '2025-07-15 18:20:00'),
	(141, '快递分拣', '物流', '8K-14K', '韵达速递有限公司', '福州市 鼓楼区', '大型', '1年以上', '高中及以上', '全职', '五险一金, 绩效奖金', '2025-07-15 18:21:00'),
	(142, '物流管理', '物流', '12K-20K', '韵达速递有限公司', '福州市 鼓楼区', '大型', '3年以上', '大专及以上', '全职', '五险一金, 带薪年假', '2025-07-15 18:22:00'),
	(143, '房地产销售', '房地产，销售', '10K-20K+提成', '中国海外发展集团有限公司', '厦门市 思明区', '大型', '2年以上', '大专及以上', '全职', '五险一金, 高提成', '2025-07-15 18:23:00'),
	(144, '建筑设计', '房地产', '18K-32K', '中国海外发展集团有限公司', '厦门市 思明区', '大型', '3年以上', '本科及以上', '全职', '五险一金, 年终奖', '2025-07-15 18:24:00'),
	(145, '核工程师', '能源', '22K-38K', '中国核工业集团有限公司', '南宁市 青秀区', '大型', '3年以上', '硕士及以上', '全职', '五险一金, 科研经费', '2025-07-15 18:25:00'),
	(146, '辐射防护', '能源', '18K-30K', '中国核工业集团有限公司', '南宁市 青秀区', '大型', '3年以上', '本科及以上', '全职', '五险一金, 特殊津贴', '2025-07-15 18:26:00'),
	(147, '推荐算法工程师', '技术', '25K-45K', '字节跳动有限公司', '昆明市 盘龙区', '大型', '3年以上', '硕士及以上', '全职', '五险一金, 股票期权', '2025-07-15 18:27:00'),
	(148, '产品经理', '技术', '20K-35K', '字节跳动有限公司', '昆明市 西山区', '大型', '3年以上', '本科及以上', '全职', '五险一金, 年终奖', '2025-07-15 18:28:00'),
	(149, '银行柜员', '金融', '8K-15K', '中国农业银行', '贵阳市 观山湖区', '大型', '1年以上', '本科及以上', '全职', '五险一金, 绩效奖金', '2025-07-15 18:29:00'),
	(150, '信贷经理', '金融', '15K-25K+提成', '中国农业银行', '贵阳市 观山湖区', '大型', '3年以上', '本科及以上', '全职', '五险一金, 高提成', '2025-07-15 18:30:00'),
	(151, '在线辅导老师', '教育', '10K-18K', '高途教育科技有限公司', '太原市 小店区', '大型', '1年以上', '本科及以上', '兼职', '绩效奖金, 灵活时间', '2025-07-15 18:31:00'),
	(152, '课程研发', '教育', '16K-26K', '高途教育科技有限公司', '太原市 小店区', '大型', '3年以上', '硕士及以上', '全职', '五险一金, 弹性工作', '2025-07-15 18:32:00'),
	(153, '眼科医生', '医疗', '25K-40K', '爱尔眼科医院集团股份有限公司', '石家庄市 裕华区', '大型', '5年以上', '硕士及以上', '全职', '五险一金, 绩效奖金', '2025-07-15 18:33:00'),
	(154, '视光师', '医疗', '15K-25K', '爱尔眼科医院集团股份有限公司', '石家庄市 裕华区', '大型', '3年以上', '本科及以上', '全职', '五险一金, 带薪年假', '2025-07-15 18:34:00'),
	(155, '外卖骑手', '电商', '8K-15K+提成', '美团科技有限公司', '长春市 朝阳区', '大型', '1年以上', '高中及以上', '全职', '五险一金, 高提成', '2025-07-15 18:35:00'),
	(156, '数据分析师', '电商', '18K-30K', '美团科技有限公司', '长春市 朝阳区', '大型', '3年以上', '本科及以上', '全职', '五险一金, 年终奖', '2025-07-15 18:36:00'),
	(157, '游戏开发', '游戏', '22K-38K', '世纪华通集团股份有限公司', '哈尔滨市 南岗区', '大型', '3年以上', '本科及以上', '全职', '五险一金, 项目奖金', '2025-07-15 18:37:00'),
	(158, '游戏测试', '游戏', '15K-25K', '世纪华通集团股份有限公司', '哈尔滨市 南岗区', '大型', '2年以上', '本科及以上', '全职', '五险一金, 带薪培训', '2025-07-15 18:38:00'),
	(159, '快递员', '物流', '8K-15K+提成', '申通快递有限公司', '兰州市 城关区', '大型', '1年以上', '高中及以上', '全职', '五险一金, 高提成', '2025-07-15 18:39:00'),
	(160, '物流规划', '物流', '14K-24K', '申通快递有限公司', '兰州市 城关区', '大型', '3年以上', '本科及以上', '全职', '五险一金, 绩效奖金', '2025-07-15 18:40:00'),
	(161, '房地产销售', '房地产，销售', '10K-20K+提成', '融创中国控股有限公司', '西宁市 城西区', '大型', '2年以上', '大专及以上', '全职', '五险一金, 高提成', '2025-07-15 18:41:00'),
	(162, '建筑设计', '房地产，销售', '18K-32K', '融创中国控股有限公司', '西宁市 城西区', '大型', '3年以上', '本科及以上', '全职', '五险一金, 年终奖', '2025-07-15 18:42:00'),
	(163, '海洋工程师', '能源', '20K-35K', '中国海洋石油集团有限公司', '银川市 金凤区', '大型', '3年以上', '本科及以上', '全职', '五险一金, 海上补贴', '2025-07-15 18:43:00'),
	(164, '地质勘探', '能源', '18K-30K', '中国海洋石油集团有限公司', '银川市 金凤区', '大型', '3年以上', '本科及以上', '全职', '五险一金, 野外补贴', '2025-07-15 18:44:00'),
	(165, '硬件工程师', '技术', '18K-30K', '小米科技有限责任公司', '海口市 龙华区', '大型', '3年以上', '本科及以上', '全职', '五险一金, 带薪年假', '2025-07-15 18:45:00'),
	(166, '产品经理', '技术', '20K-35K', '小米科技有限责任公司', '海口市 龙华区', '大型', '3年以上', '本科及以上', '全职', '五险一金, 股票期权', '2025-07-15 18:46:00'),
	(167, '银行柜员', '金融', '8K-15K', '交通银行', '北京市 海淀区', '大型', '1年以上', '本科及以上', '全职', '五险一金, 绩效奖金', '2025-07-15 18:47:00'),
	(168, '公务员培训讲师', '教育', '15K-25K', '中公教育科技股份有限公司', '北京市 海淀区', '大型', '3年以上', '硕士及以上', '全职', '五险一金, 绩效奖金', '2025-07-15 18:48:00'),
	(169, '课程顾问', '教育', '8K-15K+提成', '中公教育科技股份有限公司', '北京市 海淀区', '大型', '1年以上', '本科及以上', '全职', '五险一金, 高提成', '2025-07-15 18:49:00'),
	(170, '牙科医生', '医疗', '25K-40K', '通策医疗股份有限公司', '杭州市 西湖区', '中型', '5年以上', '硕士及以上', '全职', '五险一金, 绩效奖金', '2025-07-15 18:50:00'),
	(171, '口腔护士', '医疗', '10K-18K', '通策医疗股份有限公司', '杭州市 西湖区', '中型', '2年以上', '大专及以上', '全职', '五险一金, 带薪培训', '2025-07-15 18:51:00'),
	(172, '电商运营', '电商', '12K-22K', '网易严选电子商务有限公司', '广州市 天河区', '大型', '2年以上', '本科及以上', '全职', '五险一金, 绩效奖金', '2025-07-15 18:52:00'),
	(173, '商品采购', '电商', '15K-25K', '网易严选电子商务有限公司', '广州市 天河区', '大型', '3年以上', '本科及以上', '全职', '五险一金, 年终奖', '2025-07-15 18:53:00'),
	(174, '游戏开发工程师', '游戏', '22K-38K', '完美世界股份有限公司', '上海市 静安区', '大型', '3年以上', '本科及以上', '全职', '五险一金, 项目奖金', '2025-07-15 18:54:00'),
	(175, '游戏测试工程师', '游戏', '15K-25K', '完美世界股份有限公司', '上海市 静安区', '大型', '2年以上', '本科及以上', '全职', '五险一金, 带薪培训', '2025-07-15 18:55:00'),
	(176, '仓储管理', '物流', '10K-18K', '百世物流科技（中国）有限公司', '深圳市 南山区', '大型', '2年以上', '大专及以上', '全职', '五险一金, 绩效奖金', '2025-07-15 18:56:00'),
	(177, '物流规划师', '物流', '14K-24K', '百世物流科技（中国）有限公司', '深圳市 南山区', '大型', '3年以上', '本科及以上', '全职', '五险一金, 带薪年假', '2025-07-15 18:57:00'),
	(178, '房地产销售', '房地产，销售', '10K-20K+提成', '世茂集团控股有限公司', '南京市 建邺区', '大型', '2年以上', '大专及以上', '全职', '五险一金, 高提成', '2025-07-15 18:58:00'),
	(179, '建筑设计', '房地产', '18K-32K', '世茂集团控股有限公司', '南京市 建邺区', '大型', '3年以上', '本科及以上', '全职', '五险一金, 年终奖', '2025-07-15 18:59:00'),
	(180, '电力工程师', '能源', '18K-30K', '国家电力投资集团有限公司', '武汉市 武昌区', '大型', '3年以上', '本科及以上', '全职', '五险一金, 带薪年假', '2025-07-15 19:00:00'),
	(181, '新能源研究员', '能源', '22K-38K', '国家电力投资集团有限公司', '武汉市 武昌区', '大型', '3年以上', '硕士及以上', '全职', '五险一金, 科研经费', '2025-07-15 19:01:00'),
	(182, '游戏开发', '技术', '22K-38K', '腾讯控股有限公司', '成都市 高新区', '大型', '3年以上', '本科及以上', '全职', '五险一金, 项目奖金', '2025-07-15 19:02:00'),
	(183, '产品经理', '技术', '20K-35K', '腾讯控股有限公司', '成都市 高新区', '大型', '3年以上', '本科及以上', '全职', '五险一金, 年终奖', '2025-07-15 19:03:00'),
	(184, '银行柜员', '金融', '8K-15K', '兴业银行', '重庆市 渝北区', '大型', '1年以上', '本科及以上', '全职', '五险一金, 绩效奖金', '2025-07-15 19:04:00'),
	(185, '理财经理', '金融', '15K-25K+提成', '兴业银行', '重庆市 渝北区', '大型', '3年以上', '本科及以上', '全职', '五险一金, 高提成', '2025-07-15 19:05:00'),
	(186, '在线辅导老师', '教育', '10K-18K', '跟谁学教育科技有限公司', '天津市 南开区', '大型', '1年以上', '本科及以上', '兼职', '绩效奖金, 灵活时间', '2025-07-15 19:06:00'),
	(187, '课程研发', '教育', '16K-26K', '跟谁学教育科技有限公司', '天津市 南开区', '大型', '3年以上', '硕士及以上', '全职', '五险一金, 弹性工作', '2025-07-15 19:07:00'),
	(188, '医药代表', '市场', '12K-22K+提成', '泰格医药科技股份有限公司', '长沙市 岳麓区', '大型', '2年以上', '大专及以上', '全职', '五险一金, 高提成', '2025-07-15 19:08:00'),
	(189, '临床研究员', '医疗', '18K-30K', '泰格医药科技股份有限公司', '长沙市 岳麓区', '大型', '3年以上', '本科及以上', '全职', '五险一金, 出差补贴', '2025-07-15 19:09:00'),
	(190, '内容运营', '电商', '12K-22K', '小红书电子商务有限公司', '沈阳市 沈河区', '大型', '2年以上', '本科及以上', '全职', '五险一金, 绩效奖金', '2025-07-15 19:10:00'),
	(191, '社区运营', '电商', '15K-25K', '小红书电子商务有限公司', '沈阳市 沈河区', '大型', '3年以上', '本科及以上', '全职', '五险一金, 年终奖', '2025-07-15 19:11:00'),
	(192, '游戏开发', '游戏', '22K-38K', '三七互娱网络科技集团股份有限公司', '大连市 沙河口区', '大型', '3年以上', '本科及以上', '全职', '五险一金, 项目奖金', '2025-07-15 19:12:00'),
	(193, '游戏策划', '游戏', '18K-32K', '三七互娱网络科技集团股份有限公司', '大连市 沙河口区', '大型', '3年以上', '本科及以上', '全职', '五险一金, 弹性工作', '2025-07-15 19:13:00'),
	(194, '仓储管理', '物流', '10K-18K', '德邦物流股份有限公司', '济南市 历下区', '大型', '2年以上', '大专及以上', '全职', '五险一金, 绩效奖金', '2025-07-15 19:14:00'),
	(195, '物流规划', '物流', '14K-24K', '德邦物流股份有限公司', '济南市 历下区', '大型', '3年以上', '本科及以上', '全职', '五险一金, 带薪年假', '2025-07-15 19:15:00'),
	(196, '房地产销售', '房地产，销售', '10K-20K+提成', '绿城中国控股有限公司', '福州市 鼓楼区', '大型', '2年以上', '大专及以上', '全职', '五险一金, 高提成', '2025-07-15 19:16:00'),
	(197, '建筑设计', '房地产', '18K-32K', '绿城中国控股有限公司', '福州市 鼓楼区', '大型', '3年以上', '本科及以上', '全职', '五险一金, 年终奖', '2025-07-15 19:17:00'),
	(198, '电力工程师', '能源', '18K-30K', '中国华电集团有限公司', '厦门市 思明区', '大型', '3年以上', '本科及以上', '全职', '五险一金, 带薪年假', '2025-07-15 19:18:00'),
	(199, '新能源研究员', '能源', '22K-38K', '中国华电集团有限公司', '厦门市 思明区', '大型', '3年以上', '硕士及以上', '全职', '五险一金, 科研经费', '2025-07-15 19:19:00');

-- 导出  表 IRMS.login 结构
CREATE TABLE IF NOT EXISTS `login` (
  `username` char(50) CHARACTER SET utf8mb4 COLLATE utf8mb4_0900_ai_ci NOT NULL,
  `password` char(50) CHARACTER SET utf8mb4 COLLATE utf8mb4_0900_ai_ci NOT NULL,
  `role` tinyint NOT NULL,
  PRIMARY KEY (`username`) USING BTREE,
  KEY `username` (`username`,`password`) USING BTREE,
  KEY `username_2` (`username`) USING BTREE,
  KEY `password` (`password`) USING BTREE
) ENGINE=InnoDB DEFAULT CHARSET=utf8mb4 COLLATE=utf8mb4_0900_ai_ci ROW_FORMAT=DYNAMIC;

-- 正在导出表  IRMS.login 的数据：~264 rows (大约)
DELETE FROM `login`;
INSERT INTO `login` (`username`, `password`, `role`) VALUES
	('ecom_006', 'eC1o2m3m4e5', 1),
	('ecom_015', 'eY3g4o5u6p', 1),
	('ecom_024', 'lE4g5o6u7p', 1),
	('ecom_033', 'yO1u2x3i4a', 1),
	('ecom_042', 'jI1n2g3d4o', 1),
	('ecom_051', 'pI2n3d4u5o', 1),
	('ecom_060', 'sU1n2i3n4i', 1),
	('ecom_069', 'wE2i3p4i5n', 1),
	('ecom_078', 'mE3i4t5u6a', 1),
	('ecom_087', 'wA2n3y4i5x', 1),
	('ecom_096', 'xI3a4o5h6o', 1),
	('edu_004', 'eD5u6c7a899', 1),
	('edu_013', 'bO6x7u8e9d', 1),
	('edu_022', 'zH4i5h6u7i', 1),
	('edu_031', 'qI3h4a5n6g', 1),
	('edu_040', 'xI1n2d3o4n', 1),
	('edu_049', 'hA3o4w5e6i', 1),
	('edu_058', 'yU2a3n4f5u', 1),
	('edu_067', 'zU4o5y6e7b', 1),
	('edu_076', 'gA1o2t3u4e', 1),
	('edu_085', 'zH4o5n6g7g', 1),
	('edu_094', 'gE1n2s3h4u', 1),
	('energy_010', 'eN7e8r9g0y1', 1),
	('energy_019', 'sU4n5s6h7i', 1),
	('energy_028', 'lA6n7t8i9a', 1),
	('energy_037', 'hU2a3n4e5n', 1),
	('energy_046', 'gU2o3j4i5a', 1),
	('energy_055', 'zH4o5n6g7s', 1),
	('energy_064', 'zH4o5n6g7s', 1),
	('energy_073', 'zH4o5n6g7h', 1),
	('energy_082', 'zH4o5n6g7h', 1),
	('energy_091', 'gU2o3j4i5a', 1),
	('energy_100', 'zH4o5n6g7h', 1),
	('final_test_company', '123456', 1),
	('final_test_user', '123456', 0),
	('finance_003', 'fI9n8a7n6c5', 1),
	('finance_012', 'wE2a3l4t5h', 1),
	('finance_021', 'xI6n7r8o9n', 1),
	('finance_030', 'rU4i5x6i7n', 1),
	('finance_039', 'zH4o5n6g7x', 1),
	('finance_048', 'zH4a5o6s7h', 1),
	('finance_057', 'zH4o5n6g7j', 1),
	('finance_066', 'zH4o5n6g7g', 1),
	('finance_075', 'zH4o5n6g7n', 1),
	('finance_084', 'jI1a2o3t4o', 1),
	('finance_093', 'xI1n2g3y4e', 1),
	('game_007', 'gA9m8e7d6e5', 1),
	('game_016', 'sT8a9r0g1m', 1),
	('game_025', 'fA6n7t8a9s', 1),
	('game_034', 'jI2g3u4a5n', 1),
	('game_043', 'wA2n3y4i5x', 1),
	('game_052', 'tE2n3x4u5n', 1),
	('game_061', 'mI3h4a5y6o', 1),
	('game_070', 'lI4l5i6s7i', 1),
	('game_079', 'sH4i5j6i7h', 1),
	('game_088', 'wA2n3m4e5i', 1),
	('game_097', 'sA1n2q3i4h', 1),
	('health_005', 'hE2a3l4t5h6', 1),
	('health_014', 'mI4n5d6e7c', 1),
	('health_023', 'rE2n3h4e5y', 1),
	('health_032', 'kA4n5m6e7i', 1),
	('health_041', 'hU2a3r4u5n', 1),
	('health_050', 'fU4x5i6n7g', 1),
	('health_059', 'yA4o5m6i7n', 1),
	('health_068', 'hE2n3r4u5i', 1),
	('health_077', 'aI4e5r6y7e', 1),
	('health_086', 'tO1n2c3e4m', 1),
	('health_095', 'tA4i5g6e7y', 1),
	('logistics_008', 'lO5g6i7s8t9', 1),
	('logistics_017', 'sU2d3a4t5e', 1),
	('logistics_026', 'aN2j3i4e5l', 1),
	('logistics_035', 'dE2b3a4n5g', 1),
	('logistics_044', 'sH4u5n6f7e', 1),
	('logistics_053', 'yU2a3n4t5o', 1),
	('logistics_062', 'zH4o5n6g7t', 1),
	('logistics_071', 'yU4n5d6a7n', 1),
	('logistics_080', 'sH4e5n6t7o', 1),
	('logistics_089', 'bA3i4s5h6i', 1),
	('logistics_098', 'dE2b3a4n5g', 1),
	('realestate_009', 'rE3a4l5e6s7', 1),
	('realestate_018', 'cI6t7y8b9u', 1),
	('realestate_027', 'hE2n3j4i5k', 1),
	('realestate_036', 'rO2n3g4c5h', 1),
	('realestate_045', 'wA4n5k6e7f', 1),
	('realestate_054', 'bA3o4l5i6e', 1),
	('realestate_063', 'lO2n3g4h5u', 1),
	('realestate_072', 'zH4o5n6g7h', 1),
	('realestate_081', 'rO2n3g4c5h', 1),
	('realestate_090', 'sH4i5m6a7o', 1),
	('realestate_099', 'lU4c5h6e7n', 1),
	('super_1', 'asdfghj', 2),
	('tech_001', 'aB3d5f7g99', 1),
	('tech_002', 'xY2z4w6v8b', 1),
	('tech_011', 'iN8n9o0v1a', 1),
	('tech_020', 'iN2t3e4l5l', 1),
	('tech_029', 'qU2a3n4t5u', 1),
	('tech_038', 'yU2n3z4h5i', 1),
	('tech_047', 'hU2a3w4e5i', 1),
	('tech_056', 'aL2i3b4a5b', 1),
	('tech_065', 'bA3i4d5u6z', 1),
	('tech_074', 'zI2j3i4e5t', 1),
	('tech_083', 'xI3a4o5m6i', 1),
	('tech_092', 'tE2n3x4u5n', 1),
	('user_001', 'pA2s3s4w5d6', 0),
	('user_00100', '123456', 0),
	('user_002', 'qW3e4r5t6y7', 0),
	('user_003', 'aS4d5f6g7h8', 0),
	('user_004', 'zX5c6v7b8n9', 0),
	('user_005', 'qA6z7w8x9c0', 0),
	('user_006', 'wS7e8d9f0g1', 0),
	('user_007', 'eD8r9f0g1h2', 0),
	('user_008', 'rF9t0g1h2j3', 0),
	('user_009', 'tG0y1h2j3k4', 0),
	('user_010', 'yH1u2j3k4l5', 0),
	('user_011', 'uJ2i3k4l5m6', 0),
	('user_012', 'iK3o4l5m6n7', 0),
	('user_013', 'oL4p5m6n7b8', 0),
	('user_014', 'pM5o6n7b8v9', 0),
	('user_015', 'aN6s7d8f9g0', 0),
	('user_016', 'sB7d8f9g0h1', 0),
	('user_017', 'dC8f9g0h1j2', 0),
	('user_018', 'fD9g0h1j2k3', 0),
	('user_019', 'gE0h1j2k3l4', 0),
	('user_020', 'hF1j2k3l4m5', 0),
	('user_021', 'jG2k3l4m5n6', 0),
	('user_022', 'kH3l4m5n6b7', 0),
	('user_023', 'lI4m5n6b7v8', 0),
	('user_024', 'mJ5n6b7v8c9', 0),
	('user_025', 'nK6b7v8c9x0', 0),
	('user_026', 'bL7v8c9x0z1', 0),
	('user_027', 'vM8c9x0z1a2', 0),
	('user_028', 'cN9x0z1a2s3', 0),
	('user_029', 'xO0z1a2s3d4', 0),
	('user_030', 'zP1a2s3d4f5', 0),
	('user_031', 'aQ2s3d4f5g6', 0),
	('user_032', 'sR3d4f5g6h7', 0),
	('user_033', 'dT4f5g6h7j8', 0),
	('user_034', 'fU5g6h7j8k9', 0),
	('user_035', 'gV6h7j8k9l0', 0),
	('user_036', 'hW7j8k9l0m1', 0),
	('user_037', 'jX8k9l0m1n2', 0),
	('user_038', 'kY9l0m1n2b3', 0),
	('user_039', 'lZ0m1n2b3v4', 0),
	('user_040', 'mA1n2b3v4c5', 0),
	('user_041', 'nB2b3v4c5x6', 0),
	('user_042', 'bC3v4c5x6z7', 0),
	('user_043', 'vD4c5x6z7a8', 0),
	('user_044', 'cE5x6z7a8s9', 0),
	('user_045', 'xF6z7a8s9d0', 0),
	('user_046', 'zG7a8s9d0f1', 0),
	('user_047', 'aH8s9d0f1g2', 0),
	('user_048', 'sI9d0f1g2h3', 0),
	('user_049', 'dJ0f1g2h3j4', 0),
	('user_050', 'fK1g2h3j4k5', 0),
	('user_051', 'gL2h3j4k5l6', 0),
	('user_052', 'hM3j4k5l6m7', 0),
	('user_053', 'jN4k5l6m7n8', 0),
	('user_054', 'kO5l6m7n8b9', 0),
	('user_055', 'lP6m7n8b9v0', 0),
	('user_056', 'mM7n8b9v0c1', 0),
	('user_057', 'nN8b9v0c1x2', 0),
	('user_058', 'bO9v0c1x2z3', 0),
	('user_059', 'vP0c1x2z3a4', 0),
	('user_060', 'cQ1x2z3a4s5', 0),
	('user_061', 'xR2z3a4s5d6', 0),
	('user_062', 'zS3a4s5d6f7', 0),
	('user_063', 'aT4s5d6f7g8', 0),
	('user_064', 'sU5d6f7g8h9', 0),
	('user_065', 'dV6f7g8h9j0', 0),
	('user_066', 'fW7g8h9j0k1', 0),
	('user_067', 'gX8h9j0k1l2', 0),
	('user_068', 'hY9j0k1l2m3', 0),
	('user_069', 'jZ0k1l2m3n4', 0),
	('user_070', 'kA1l2m3n4b5', 0),
	('user_071', 'lB2m3n4b5v6', 0),
	('user_072', 'mM3n4b5v6c7', 0),
	('user_073', 'nN4b5v6c7x8', 0),
	('user_074', 'bO5v6c7x8z9', 0),
	('user_075', 'vP6c7x8z9a0', 0),
	('user_076', 'cQ7x8z9a0s1', 0),
	('user_077', 'xR8z9a0s1d2', 0),
	('user_078', 'zS9a0s1d2f3', 0),
	('user_079', 'aT0s1d2f3g4', 0),
	('user_080', 'sU1d2f3g4h5', 0),
	('user_081', 'dV2f3g4h5j6', 0),
	('user_082', 'fW3g4h5j6k7', 0),
	('user_083', 'gX4h5j6k7l8', 0),
	('user_084', 'hY5j6k7l8m9', 0),
	('user_085', 'jZ6k7l8m9n0', 0),
	('user_086', 'kA7l8m9n0b1', 0),
	('user_087', 'lB8m9n0b1v2', 0),
	('user_088', 'mM9n0b1v2c3', 0),
	('user_089', 'nN0b1v2c3x4', 0),
	('user_090', 'bO1v2c3x4z5', 0),
	('user_091', 'vP2c3x4z5a6', 0),
	('user_092', 'cQ3x4z5a6s7', 0),
	('user_093', 'xR4z5a6s7d8', 0),
	('user_094', 'zS5a6s7d8f9', 0),
	('user_095', 'aT6s7d8f9g0', 0),
	('user_096', 'sU7d8f9g0h1', 0),
	('user_097', 'dV8f9g0h1j2', 0),
	('user_098', 'fW9g0h1j2k3', 0),
	('user_099', 'gX0h1j2k3l4', 0),
	('user_100', 'hY1j2k3l4m5', 0),
	('user_101', 'jZ2k3l4m5n6', 0),
	('user_102', 'kA3l4m5n6b7', 0),
	('user_103', 'lB4m5n6b7v8', 0),
	('user_104', 'mM5n6b7v8c9', 0),
	('user_105', 'nN6b7v8c9x0', 0),
	('user_106', 'bO7v8c9x0z1', 0),
	('user_107', 'vP8c9x0z1a2', 0),
	('user_108', 'cQ9x0z1a2s3', 0),
	('user_109', 'xR0z1a2s3d4', 0),
	('user_110', 'zS1a2s3d4f5', 0),
	('user_111', 'aT2s3d4f5g6', 0),
	('user_112', 'sU3d4f5g6h7', 0),
	('user_113', 'dV4f5g6h7j8', 0),
	('user_114', 'fW5g6h7j8k9', 0),
	('user_115', 'gX6h7j8k9l0', 0),
	('user_116', 'hY7j8k9l0m1', 0),
	('user_117', 'jZ8k9l0m1n2', 0),
	('user_118', 'kA9l0m1n2b3', 0),
	('user_119', 'lB0m1n2b3v4', 0),
	('user_120', 'mM1n2b3v4c5', 0),
	('user_121', 'nN2b3v4c5x6', 0),
	('user_122', 'bO3v4c5x6z7', 0),
	('user_123', 'vP4c5x6z7a8', 0),
	('user_124', 'cQ5x6z7a8s9', 0),
	('user_125', 'xR6z7a8s9d0', 0),
	('user_126', 'zS7a8s9d0f1', 0),
	('user_127', 'aT8s9d0f1g2', 0),
	('user_128', 'sU9d0f1g2h3', 0),
	('user_129', 'dV0f1g2h3j4', 0),
	('user_130', 'fW1g2h3j4k5', 0),
	('user_131', 'gX2h3j4k5l6', 0),
	('user_132', 'hY3j4k5l6m7', 0),
	('user_133', 'jZ4k5l6m7n8', 0),
	('user_134', 'kA5l6m7n8b9', 0),
	('user_135', 'lB6m7n8b9v0', 0),
	('user_136', 'mM7n8b9v0c1', 0),
	('user_137', 'nN8b9v0c1x2', 0),
	('user_138', 'bO9v0c1x2z3', 0),
	('user_139', 'vP0c1x2z3a4', 0),
	('user_140', 'cQ1x2z3a4s5', 0),
	('user_141', 'xR2z3a4s5d6', 0),
	('user_142', 'zS3a4s5d6f7', 0),
	('user_143', 'aT4s5d6f7g8', 0),
	('user_144', 'sU5d6f7g8h9', 0),
	('user_145', 'dV6f7g8h9j0', 0),
	('user_146', 'fW7g8h9j0k1', 0),
	('user_147', 'gX8h9j0k1l2', 0),
	('user_148', 'hY9j0k1l2m3', 0),
	('user_149', 'jZ0k1l2m3n4', 0),
	('user_150', 'kA1l2m3n4b5', 0),
	('user_151', 'lB2m3n4b5v6', 0),
	('user_152', 'mM3n4b5v6c7', 0),
	('user_153', 'nN4b5v6c7x8', 0),
	('user_154', 'bO5v6c7x8z9', 0),
	('user_155', 'vP6c7x8z9a0', 0),
	('user_156', 'pA2s3s4w5d7', 0),
	('user_157', 'qW3e4r5t6y8', 0),
	('user_158', 'aS4d5f6g7h9', 0),
	('user_159', 'zX5c6v7b8n0', 0),
	('user_160', 'qA6z7w8x9c1', 0);

-- 导出  表 IRMS.message 结构
CREATE TABLE IF NOT EXISTS `message` (
  `id` int NOT NULL AUTO_INCREMENT,
  `from` char(50) DEFAULT NULL,
  `to` char(50) DEFAULT NULL,
  `sendTime` timestamp NULL DEFAULT NULL,
  `content` varchar(255) DEFAULT NULL,
  PRIMARY KEY (`id`),
  KEY `FK_message_login` (`from`),
  KEY `FK_message_login_2` (`to`),
  CONSTRAINT `FK_message_login` FOREIGN KEY (`from`) REFERENCES `login` (`username`),
  CONSTRAINT `FK_message_login_2` FOREIGN KEY (`to`) REFERENCES `login` (`username`)
) ENGINE=InnoDB AUTO_INCREMENT=400 DEFAULT CHARSET=utf8mb4 COLLATE=utf8mb4_0900_ai_ci COMMENT='用户和企业的通信消息';

-- 正在导出表  IRMS.message 的数据：~249 rows (大约)
DELETE FROM `message`;
INSERT INTO `message` (`id`, `from`, `to`, `sendTime`, `content`) VALUES
	(1, 'super_1', 'tech_001', '2025-07-19 10:54:33', '测试消息1'),
	(2, 'user_001', 'tech_001', '2025-07-19 11:47:24', 'wdaw'),
	(4, NULL, NULL, NULL, '111'),
	(6, 'user_001', 'finance_003', '2025-07-20 03:14:06', '测试内容'),
	(7, 'user_002', 'finance_003', '2025-07-20 03:15:29', '测试内容2'),
	(8, NULL, NULL, NULL, NULL),
	(9, NULL, NULL, NULL, NULL),
	(10, NULL, NULL, NULL, NULL),
	(11, NULL, NULL, NULL, NULL),
	(12, NULL, NULL, NULL, NULL),
	(13, NULL, NULL, NULL, NULL),
	(14, NULL, NULL, NULL, NULL),
	(15, NULL, NULL, NULL, NULL),
	(16, NULL, NULL, NULL, NULL),
	(17, NULL, NULL, NULL, NULL),
	(18, NULL, NULL, NULL, NULL),
	(19, NULL, NULL, NULL, NULL),
	(20, NULL, NULL, NULL, NULL),
	(21, NULL, NULL, NULL, NULL),
	(22, NULL, NULL, NULL, NULL),
	(23, NULL, NULL, NULL, NULL),
	(24, NULL, NULL, NULL, NULL),
	(25, NULL, NULL, NULL, NULL),
	(26, NULL, NULL, NULL, NULL),
	(27, NULL, NULL, NULL, NULL),
	(28, NULL, NULL, NULL, NULL),
	(29, NULL, NULL, NULL, NULL),
	(30, NULL, NULL, NULL, NULL),
	(31, NULL, NULL, NULL, NULL),
	(32, NULL, NULL, NULL, NULL),
	(33, NULL, NULL, NULL, NULL),
	(34, NULL, NULL, NULL, NULL),
	(35, NULL, NULL, NULL, NULL),
	(36, NULL, NULL, NULL, NULL),
	(37, NULL, NULL, NULL, NULL),
	(38, NULL, NULL, NULL, NULL),
	(39, NULL, NULL, NULL, NULL),
	(40, NULL, NULL, NULL, NULL),
	(41, NULL, NULL, NULL, NULL),
	(42, NULL, NULL, NULL, NULL),
	(43, NULL, NULL, NULL, NULL),
	(44, NULL, NULL, NULL, NULL),
	(45, NULL, NULL, NULL, NULL),
	(46, NULL, NULL, NULL, NULL),
	(47, NULL, NULL, NULL, NULL),
	(48, NULL, NULL, NULL, NULL),
	(49, NULL, NULL, NULL, NULL),
	(50, NULL, NULL, NULL, NULL),
	(51, NULL, NULL, NULL, NULL),
	(52, NULL, NULL, NULL, NULL),
	(53, NULL, NULL, NULL, NULL),
	(54, NULL, NULL, NULL, NULL),
	(55, NULL, NULL, NULL, NULL),
	(56, NULL, NULL, NULL, NULL),
	(57, NULL, NULL, '2025-07-20 07:39:41', NULL),
	(58, NULL, NULL, '2025-07-20 07:40:12', NULL),
	(59, NULL, NULL, '2025-07-20 07:40:16', NULL),
	(60, NULL, NULL, '2025-07-20 07:41:18', NULL),
	(61, NULL, NULL, '2025-07-20 07:41:18', NULL),
	(62, NULL, NULL, '2025-07-20 07:41:54', NULL),
	(63, NULL, NULL, '2025-07-20 07:41:55', NULL),
	(64, NULL, NULL, '2025-07-20 07:42:29', NULL),
	(65, NULL, NULL, '2025-07-20 07:42:30', NULL),
	(66, NULL, NULL, '2025-07-20 07:43:05', NULL),
	(67, NULL, NULL, '2025-07-20 07:43:06', NULL),
	(68, NULL, NULL, '2025-07-20 07:43:40', NULL),
	(69, NULL, NULL, '2025-07-20 07:43:41', NULL),
	(70, NULL, NULL, '2025-07-20 07:44:15', NULL),
	(71, NULL, NULL, '2025-07-20 07:44:16', NULL),
	(72, NULL, NULL, '2025-07-20 07:44:50', NULL),
	(73, NULL, NULL, '2025-07-20 07:44:51', NULL),
	(74, NULL, NULL, '2025-07-20 07:46:42', NULL),
	(75, NULL, NULL, '2025-07-20 07:50:04', NULL),
	(76, NULL, NULL, '2025-07-20 07:50:39', NULL),
	(77, NULL, NULL, '2025-07-20 07:51:14', NULL),
	(78, NULL, NULL, '2025-07-20 07:51:49', NULL),
	(79, NULL, NULL, '2025-07-20 07:52:24', NULL),
	(80, NULL, NULL, '2025-07-20 07:52:59', NULL),
	(81, NULL, NULL, '2025-07-20 07:53:34', NULL),
	(82, NULL, NULL, '2025-07-20 07:54:09', NULL),
	(83, NULL, NULL, '2025-07-20 07:54:44', NULL),
	(84, NULL, NULL, '2025-07-20 07:55:19', NULL),
	(85, NULL, NULL, '2025-07-20 07:55:54', NULL),
	(86, 'user_001', 'finance_003', '2025-07-20 07:55:59', '用户给企业的测试'),
	(87, 'finance_003', 'user_001', '2025-07-20 07:56:31', '四点的测试'),
	(88, NULL, NULL, '2025-07-20 07:56:36', NULL),
	(89, NULL, NULL, '2025-07-20 07:56:39', NULL),
	(90, 'finance_003', 'user_001', '2025-07-20 07:56:57', '四点的测试1'),
	(91, NULL, NULL, '2025-07-20 07:57:36', NULL),
	(92, NULL, NULL, '2025-07-20 07:58:11', NULL),
	(93, NULL, NULL, '2025-07-20 08:00:00', NULL),
	(94, 'finance_003', 'user_001', '2025-07-20 08:32:56', '测试1'),
	(95, 'finance_003', 'user_001', '2025-07-20 08:41:50', '1111'),
	(96, 'finance_003', 'user_002', '2025-07-20 08:43:06', '112'),
	(97, 'finance_003', 'user_002', '2025-07-20 08:46:07', '22'),
	(98, 'finance_003', 'user_002', '2025-07-20 08:49:16', 'wudian'),
	(99, 'finance_003', 'user_002', '2025-07-20 08:54:56', '四点五十四的测试'),
	(100, 'finance_003', 'user_001', '2025-07-20 08:55:13', '四点五十五的测试'),
	(101, 'finance_003', 'user_002', '2025-07-20 08:59:06', '四点五十九的测试'),
	(102, 'finance_003', 'user_001', '2025-07-20 08:59:31', '快五点的测试'),
	(103, 'user_001', 'finance_003', '2025-07-20 09:03:08', 'test1'),
	(104, 'finance_003', 'user_001', '2025-07-20 09:03:28', 'test2'),
	(105, 'user_001', 'finance_003', '2025-07-20 09:03:42', 'test3'),
	(106, 'user_002', 'finance_003', '2025-07-20 09:06:03', 'test21'),
	(107, 'finance_003', 'user_002', '2025-07-20 09:06:10', 'test22'),
	(108, 'finance_003', 'user_001', '2025-07-20 09:06:28', 'test4'),
	(109, 'finance_003', 'user_002', '2025-07-20 09:06:34', 'test23'),
	(110, 'user_001', 'edu_004', '2025-07-20 11:28:42', '测试1'),
	(111, 'edu_004', 'user_001', '2025-07-20 11:28:48', 'nih'),
	(112, 'edu_004', 'user_001', '2025-07-20 11:29:06', 'ce'),
	(113, 'edu_004', 'user_001', '2025-07-20 11:29:19', 'cejigyuv'),
	(114, 'edu_004', 'user_001', '2025-07-20 11:29:47', 'nuibhijk'),
	(115, 'edu_004', 'user_001', '2025-07-20 11:29:52', 'jk bihkjm,l'),
	(116, 'edu_004', 'user_001', '2025-07-20 11:32:41', 'klb'),
	(117, 'edu_004', 'user_001', '2025-07-20 11:32:44', 'lijnmk,'),
	(118, 'edu_004', 'user_001', '2025-07-20 11:32:51', 'kiijm,..'),
	(119, 'edu_004', 'user_001', '2025-07-20 11:34:49', 'lkjm,'),
	(120, 'edu_004', 'user_001', '2025-07-20 11:43:50', 'nniikkk'),
	(121, 'edu_004', 'user_001', '2025-07-20 11:43:56', 'nycchljj'),
	(122, 'edu_004', 'user_001', '2025-07-20 11:44:07', 'fgjhgj'),
	(123, 'edu_004', 'user_001', '2025-07-20 11:44:09', 'hkhk'),
	(124, 'user_002', 'tech_002', '2025-07-20 12:02:47', '测试1'),
	(125, 'tech_002', 'user_002', '2025-07-20 12:05:22', '测试2'),
	(126, 'tech_002', 'user_002', '2025-07-20 12:05:28', '测试3'),
	(127, 'tech_002', 'user_002', '2025-07-20 12:05:32', '测试4'),
	(128, 'user_002', 'tech_011', '2025-07-20 12:06:51', '测试1'),
	(129, 'tech_011', 'user_002', '2025-07-20 12:07:00', '测试2'),
	(130, 'tech_011', 'user_002', '2025-07-20 12:07:13', '测试3'),
	(131, 'tech_011', 'user_002', '2025-07-20 12:07:21', '测试4'),
	(132, 'tech_011', 'user_002', '2025-07-20 12:22:58', '测试5'),
	(133, 'tech_011', 'user_002', '2025-07-20 12:23:00', '测试6'),
	(134, 'tech_011', 'user_002', '2025-07-20 12:23:04', '测试7'),
	(135, 'tech_011', 'user_002', '2025-07-20 12:23:20', '测试8】'),
	(136, 'tech_011', 'user_002', '2025-07-20 12:23:25', '测试9'),
	(137, 'tech_011', 'user_002', '2025-07-20 12:33:53', '测试10'),
	(138, 'tech_011', 'user_002', '2025-07-20 12:33:56', '测试11'),
	(139, 'tech_011', 'user_002', '2025-07-20 12:34:00', '测试12'),
	(140, 'tech_011', 'user_002', '2025-07-20 12:34:04', '测试13'),
	(141, 'tech_011', 'user_002', '2025-07-20 12:34:09', '测试14'),
	(142, 'tech_011', 'user_002', '2025-07-20 12:34:13', '测试15'),
	(143, 'tech_011', 'user_002', '2025-07-20 12:34:17', '测试16'),
	(144, 'tech_011', 'user_002', '2025-07-20 12:34:20', '测试17'),
	(145, 'tech_011', 'user_002', '2025-07-20 12:34:24', '测试18'),
	(146, 'tech_011', 'user_002', '2025-07-20 12:34:28', '测试19'),
	(147, 'tech_011', 'user_002', '2025-07-20 12:34:33', '测试20'),
	(148, 'tech_011', 'user_002', '2025-07-20 12:34:38', '测试30'),
	(149, 'tech_011', 'user_002', '2025-07-20 12:34:44', '测试40'),
	(150, 'user_010', 'edu_004', '2025-07-20 12:34:53', '您好，看了贵司的教育产品经理职位，与我的经历非常匹配，希望详谈，感谢！'),
	(151, 'tech_011', 'user_002', '2025-07-20 12:34:57', '测试50'),
	(152, 'edu_004', 'user_010', '2025-07-20 12:36:21', '准了'),
	(153, 'user_010', 'edu_004', '2025-07-20 12:36:45', '您好，看了贵司的教育产品经理职位，与我的经历非常匹配，希望详谈，感谢！'),
	(154, 'edu_004', 'user_010', '2025-07-20 12:37:12', '再次准许'),
	(155, 'tech_011', 'user_002', '2025-07-20 12:39:07', '测试1'),
	(156, 'tech_011', 'user_002', '2025-07-20 12:39:14', '测试2'),
	(157, 'tech_011', 'user_002', '2025-07-20 12:39:17', '测试3'),
	(158, 'tech_011', 'user_002', '2025-07-20 12:39:19', '测试4'),
	(159, 'tech_011', 'user_002', '2025-07-20 12:39:24', '测试5'),
	(160, 'tech_011', 'user_002', '2025-07-20 12:39:31', '测试6'),
	(161, 'tech_011', 'user_002', '2025-07-20 12:46:31', 'c1'),
	(162, 'tech_011', 'user_002', '2025-07-20 12:46:33', 'c2'),
	(163, 'tech_011', 'user_002', '2025-07-20 12:46:34', 'c3'),
	(164, 'tech_011', 'user_002', '2025-07-20 12:46:38', 'c4'),
	(165, 'tech_011', 'user_002', '2025-07-20 12:46:40', 'c5'),
	(166, 'tech_011', 'user_002', '2025-07-20 12:46:41', 'c6'),
	(167, 'tech_011', 'user_002', '2025-07-20 12:53:28', '55'),
	(168, 'tech_011', 'user_002', '2025-07-20 12:54:34', '4'),
	(169, 'edu_004', 'user_001', '2025-07-20 12:55:58', 'ionijn'),
	(170, 'edu_004', 'user_001', '2025-07-20 12:56:00', 'unjjjk'),
	(171, 'edu_004', 'user_001', '2025-07-20 12:56:02', 'mmnbfgyujk'),
	(172, 'edu_004', 'user_001', '2025-07-20 12:56:05', '江汉油田喏若天以】'),
	(185, 'tech_011', 'user_002', '2025-07-20 13:38:43', 'c7'),
	(186, 'tech_011', 'user_002', '2025-07-21 00:42:36', '11'),
	(193, 'user_009', 'edu_004', '2025-07-21 00:48:30', '1'),
	(194, 'user_009', 'edu_004', '2025-07-21 00:48:38', '2'),
	(205, 'edu_004', 'user_009', '2025-07-21 01:01:17', '你好'),
	(207, 'user_009', 'edu_004', '2025-07-21 01:01:41', '4'),
	(208, 'edu_004', 'user_009', '2025-07-21 01:01:51', '1'),
	(227, 'edu_004', 'edu_004', '2025-07-21 01:10:35', 'ces'),
	(231, 'edu_004', 'edu_004', '2025-07-21 01:11:39', 'a'),
	(238, 'edu_004', 'edu_004', '2025-07-21 01:13:35', '1'),
	(242, 'ecom_006', 'ecom_006', '2025-07-21 01:14:43', '1'),
	(270, 'user_012', 'ecom_006', '2025-07-21 01:30:19', '1'),
	(271, 'user_012', 'ecom_006', '2025-07-21 01:30:24', '2'),
	(272, 'ecom_006', 'user_012', '2025-07-21 01:30:37', '5'),
	(298, 'user_012', 'ecom_006', '2025-07-21 01:33:54', '1'),
	(304, 'ecom_006', 'user_012', '2025-07-21 01:34:05', '3'),
	(305, 'user_012', 'ecom_006', '2025-07-21 01:34:11', '4'),
	(306, 'ecom_006', 'user_012', '2025-07-21 01:34:24', '5'),
	(307, 'user_012', 'ecom_006', '2025-07-21 01:34:30', '6'),
	(311, 'user_012', 'ecom_006', '2025-07-21 01:35:18', 'z'),
	(312, 'user_012', 'ecom_006', '2025-07-21 01:35:21', 'x'),
	(313, 'user_012', 'ecom_006', '2025-07-21 01:35:28', 'c'),
	(314, 'ecom_006', 'user_012', '2025-07-21 01:35:36', 'v'),
	(315, 'user_012', 'ecom_006', '2025-07-21 01:39:57', '1'),
	(316, 'ecom_006', 'user_012', '2025-07-21 01:40:03', '2'),
	(317, 'ecom_006', 'user_012', '2025-07-21 01:40:29', 'l'),
	(318, 'user_012', 'ecom_006', '2025-07-21 01:54:38', 'm'),
	(319, 'user_012', 'ecom_006', '2025-07-21 01:54:56', 'm'),
	(320, 'ecom_006', 'user_012', '2025-07-21 01:55:11', 'n'),
	(321, 'user_012', 'ecom_006', '2025-07-21 01:56:21', 'k'),
	(322, 'user_012', 'ecom_006', '2025-07-21 01:56:25', 'j'),
	(323, 'ecom_006', 'user_012', '2025-07-21 01:56:31', 'h'),
	(324, 'user_012', 'ecom_006', '2025-07-21 01:58:44', '1'),
	(325, 'user_012', 'ecom_006', '2025-07-21 01:58:48', '0'),
	(326, 'ecom_006', 'user_012', '2025-07-21 01:58:55', '2'),
	(327, 'user_012', 'ecom_006', '2025-07-21 01:59:03', '5'),
	(328, 'ecom_006', 'user_012', '2025-07-21 01:59:11', '7'),
	(329, 'ecom_006', 'user_012', '2025-07-21 02:00:17', '6'),
	(330, 'user_012', 'ecom_006', '2025-07-21 02:00:21', '6'),
	(331, 'user_012', 'ecom_006', '2025-07-21 02:01:08', 'y'),
	(332, 'user_012', 'ecom_006', '2025-07-21 02:01:11', 't'),
	(333, 'ecom_006', 'user_012', '2025-07-21 02:01:24', '8'),
	(334, 'user_012', 'ecom_006', '2025-07-21 02:03:25', '1'),
	(335, 'user_012', 'ecom_006', '2025-07-21 02:03:28', '2'),
	(336, 'ecom_006', 'user_012', '2025-07-21 02:03:34', '3'),
	(337, 'ecom_006', 'user_012', '2025-07-21 02:03:43', '4'),
	(338, 'user_012', 'ecom_006', '2025-07-21 02:05:14', 'A'),
	(339, 'ecom_006', 'user_012', '2025-07-21 02:05:19', 'B'),
	(340, 'ecom_006', 'user_012', '2025-07-21 02:05:32', 'C'),
	(341, 'user_012', 'ecom_006', '2025-07-21 02:05:41', 'D'),
	(342, 'user_012', 'ecom_006', '2025-07-21 02:06:06', 'E'),
	(343, 'ecom_006', 'user_012', '2025-07-21 02:06:10', 'F'),
	(344, 'user_012', 'ecom_006', '2025-07-21 02:11:15', 'T'),
	(345, 'ecom_006', 'user_012', '2025-07-21 02:11:25', 'R'),
	(346, 'user_012', 'ecom_006', '2025-07-21 02:11:46', 'D'),
	(347, 'ecom_006', 'user_012', '2025-07-21 02:11:50', 'C'),
	(348, 'user_012', 'ecom_006', '2025-07-21 02:16:35', 'S'),
	(349, 'ecom_006', 'user_012', '2025-07-21 02:16:42', 'F'),
	(350, 'user_012', 'ecom_006', '2025-07-21 02:16:47', 'T'),
	(351, 'ecom_006', 'user_012', '2025-07-21 02:16:50', 'P'),
	(352, 'user_012', 'ecom_006', '2025-07-21 02:17:32', 'R'),
	(353, 'ecom_006', 'user_012', '2025-07-21 02:17:38', 'S'),
	(354, 'user_001', 'health_005', '2025-07-21 02:48:49', '你好'),
	(355, 'health_005', 'user_001', '2025-07-21 03:06:08', '1'),
	(356, 'health_005', 'user_001', '2025-07-21 03:06:35', '我'),
	(357, 'user_001', 'health_005', '2025-07-21 03:14:42', 'nugh'),
	(358, 'user_001', 'health_005', '2025-07-21 03:14:50', 'dghfgh'),
	(359, 'user_001', 'health_005', '2025-07-21 03:14:53', 'fjygfjgj'),
	(360, 'final_test_user', 'edu_004', '2025-07-21 07:05:56', '您好，看了贵司的课程设计师职位，与我的经历非常匹配，希望详谈，感谢！'),
	(361, 'final_test_user', 'health_005', '2025-07-21 07:07:06', '您好，看了贵司的医疗设备工程师职位，与我的经历非常匹配，希望详谈，感谢！'),
	(362, 'final_test_user', 'health_005', '2025-07-21 07:07:10', '你好'),
	(363, 'final_test_user', 'health_005', '2025-07-21 07:07:13', '哈哈哈'),
	(364, 'health_005', 'final_test_user', '2025-07-21 07:07:18', '1'),
	(365, 'final_test_user', 'health_005', '2025-07-21 07:07:29', '工资18000'),
	(366, 'health_005', 'final_test_user', '2025-07-21 07:07:33', '哈哈哈哈'),
	(367, 'health_005', 'final_test_user', '2025-07-21 07:07:37', '测试'),
	(368, 'health_005', 'final_test_user', '2025-07-21 07:08:01', '工资两千'),
	(369, 'final_test_user', 'health_005', '2025-07-21 07:09:25', '您好，看了贵司的临床研究员职位，与我的经历非常匹配，希望详谈，感谢！'),
	(370, 'final_test_user', 'health_005', '2025-07-21 07:11:21', '111'),
	(371, 'edu_004', 'user_009', '2025-07-21 08:33:55', 'awioda'),
	(372, 'edu_004', 'user_009', '2025-07-21 08:33:58', '啊吴大维、'),
	(373, 'edu_004', 'final_test_user', '2025-07-21 08:34:02', 'awegrhbtn'),
	(374, 'user_010', 'health_005', '2025-07-21 12:06:46', '111'),
	(375, 'user_010', 'health_005', '2025-07-21 12:06:52', '您好，看了贵司的医疗设备工程师职位，与我的经历非常匹配，希望详谈，感谢！'),
	(376, 'user_010', 'health_005', '2025-07-21 12:06:56', '您好，看了贵司的医疗设备工程师职位，与我的经历非常匹配，希望详谈，感谢！'),
	(377, 'user_010', 'health_005', '2025-07-21 12:08:49', '111'),
	(378, 'user_010', 'health_005', '2025-07-21 12:08:51', '您好，看了贵司的医疗设备工程师职位，与我的经历非常匹配，希望详谈，感谢！'),
	(379, 'user_010', 'health_005', '2025-07-21 12:08:55', '您好，看了贵司的医疗设备工程师职位，与我的经历非常匹配，希望详谈，感谢！'),
	(380, 'user_010', 'health_005', '2025-07-21 12:09:38', '111'),
	(381, 'user_010', 'health_005', '2025-07-21 12:09:42', '222'),
	(382, 'user_010', 'health_005', '2025-07-21 12:09:45', '您好，看了贵司的医疗设备工程师职位，与我的经历非常匹配，希望详谈，感谢！'),
	(383, 'user_010', 'health_005', '2025-07-21 12:10:09', '1111'),
	(384, 'user_009', 'health_005', '2025-07-22 01:50:22', '1'),
	(385, 'user_009', 'health_005', '2025-07-22 02:08:19', '3'),
	(386, 'user_009', 'health_005', '2025-07-22 02:16:07', '1'),
	(387, 'user_009', 'health_005', '2025-07-22 02:16:10', '4'),
	(388, 'user_001', 'health_005', '2025-07-22 02:28:49', 'nihao'),
	(389, 'user_001', 'edu_004', '2025-07-22 02:31:35', 'nihao'),
	(390, 'edu_004', 'user_001', '2025-07-22 02:31:48', '测试'),
	(391, 'edu_004', 'user_001', '2025-07-22 02:32:51', 'koawdma'),
	(392, 'user_001', 'edu_004', '2025-07-22 02:32:55', '\'Jedi'),
	(393, 'edu_004', 'user_001', '2025-07-22 02:33:27', 'wdaowijd'),
	(394, 'user_001', 'edu_004', '2025-07-22 02:33:30', 'iawndoa'),
	(395, 'edu_004', 'user_001', '2025-07-22 02:34:05', 'oaiwncoamp'),
	(396, 'edu_004', 'user_001', '2025-07-22 02:34:08', '测试'),
	(397, 'user_001', 'edu_004', '2025-07-22 02:34:11', '阿瓦达'),
	(398, 'user_001', 'edu_004', '2025-07-22 02:34:20', '刺客'),
	(399, 'edu_004', 'user_001', '2025-07-22 02:34:25', '阿瓦达那');

/*!40103 SET TIME_ZONE=IFNULL(@OLD_TIME_ZONE, 'system') */;
/*!40101 SET SQL_MODE=IFNULL(@OLD_SQL_MODE, '') */;
/*!40014 SET FOREIGN_KEY_CHECKS=IFNULL(@OLD_FOREIGN_KEY_CHECKS, 1) */;
/*!40101 SET CHARACTER_SET_CLIENT=@OLD_CHARACTER_SET_CLIENT */;
/*!40111 SET SQL_NOTES=IFNULL(@OLD_SQL_NOTES, 1) */;
